0 verbose cli C:\Program Files\nodejs\node.exe C:\Program Files\nodejs\node_modules\npm\bin\npm-cli.js
1 info using npm@11.17.0
2 info using node@v24.19.0
3 silly config load:file:C:\Program Files\nodejs\node_modules\npm\npmrc
4 silly config load:file:C:\Users\Aadi Jain\Desktop\sindandsind\.npmrc
5 silly config load:file:C:\Users\Aadi Jain\.npmrc
6 silly config load:file:C:\Users\Aadi Jain\AppData\Roaming\npm\etc\npmrc
7 verbose title npm install
8 verbose argv "install" "--cache" ".npm-cache" "--loglevel" "verbose"
9 verbose logfile logs-max:10 dir:C:\Users\Aadi Jain\Desktop\sindandsind\.npm-cache\_logs\2026-08-16T17_36_27_831Z-
10 verbose logfile C:\Users\Aadi Jain\Desktop\sindandsind\.npm-cache\_logs\2026-08-16T17_36_27_831Z-debug-0.log
11 silly logfile done cleaning log files
12 silly packumentCache heap:4496293888 maxSize:1124073472 maxEntrySize:562036736
13 silly idealTree buildDeps
14 silly fetch manifest cors@^2.8.5
15 silly packumentCache full:https://registry.npmjs.org/cors cache-miss
16 http cache https://registry.npmjs.org/cors 40ms (cache hit)
17 silly packumentCache full:https://registry.npmjs.org/cors set size:77956 disposed:false
18 silly fetch manifest express@^5.1.0
19 silly packumentCache full:https://registry.npmjs.org/express cache-miss
20 http cache https://registry.npmjs.org/express 20ms (cache hit)
21 silly packumentCache full:https://registry.npmjs.org/express set size:804975 disposed:false
22 silly fetch manifest react@^19.1.1
23 silly packumentCache full:https://registry.npmjs.org/react cache-miss
24 http cache https://registry.npmjs.org/react 45ms (cache hit)
25 silly packumentCache full:https://registry.npmjs.org/react set size:6897881 disposed:false
26 silly fetch manifest react-dom@^19.1.1
27 silly packumentCache full:https://registry.npmjs.org/react-dom cache-miss
28 http cache https://registry.npmjs.org/react-dom 52ms (cache hit)
29 silly packumentCache full:https://registry.npmjs.org/react-dom set size:9267760 disposed:false
30 silly fetch manifest react-router-dom@^7.8.2
31 silly packumentCache full:https://registry.npmjs.org/react-router-dom cache-miss
32 http cache https://registry.npmjs.org/react-router-dom 29ms (cache hit)
33 silly packumentCache full:https://registry.npmjs.org/react-router-dom set size:2890909 disposed:false
34 silly fetch manifest @tailwindcss/vite@^4.1.12
35 silly packumentCache full:https://registry.npmjs.org/@tailwindcss%2fvite cache-miss
36 http cache https://registry.npmjs.org/@tailwindcss%2fvite 22ms (cache hit)
37 silly packumentCache full:https://registry.npmjs.org/@tailwindcss%2fvite set size:2309488 disposed:false
38 silly fetch manifest vite@^7.1.4
39 silly packumentCache full:https://registry.npmjs.org/vite cache-miss
40 http cache https://registry.npmjs.org/vite 128ms (cache hit)
41 silly packumentCache full:https://registry.npmjs.org/vite set size:38924120 disposed:false
42 silly fetch manifest @types/node@^20.19.0 || >=22.12.0
43 silly packumentCache full:https://registry.npmjs.org/@types%2fnode cache-miss
44 http cache https://registry.npmjs.org/@types%2fnode 86ms (cache hit)
45 silly packumentCache full:https://registry.npmjs.org/@types%2fnode set size:11088606 disposed:false
46 silly fetch manifest jiti@>=1.21.0
47 silly packumentCache full:https://registry.npmjs.org/jiti cache-miss
48 http cache https://registry.npmjs.org/jiti 22ms (cache hit)
49 silly packumentCache full:https://registry.npmjs.org/jiti set size:387989 disposed:false
50 silly fetch manifest less@^4.0.0
51 silly packumentCache full:https://registry.npmjs.org/less cache-miss
52 http cache https://registry.npmjs.org/less 70ms (cache hit)
53 silly packumentCache full:https://registry.npmjs.org/less set size:500352 disposed:false
54 silly fetch manifest lightningcss@^1.21.0
55 silly packumentCache full:https://registry.npmjs.org/lightningcss cache-miss
56 http cache https://registry.npmjs.org/lightningcss 22ms (cache hit)
57 silly packumentCache full:https://registry.npmjs.org/lightningcss set size:191065 disposed:false
58 silly fetch manifest sass@^1.70.0
59 silly packumentCache full:https://registry.npmjs.org/sass cache-miss
60 http cache https://registry.npmjs.org/sass 79ms (cache hit)
61 silly packumentCache full:https://registry.npmjs.org/sass set size:743214 disposed:false
62 silly fetch manifest sass-embedded@^1.70.0
63 silly packumentCache full:https://registry.npmjs.org/sass-embedded cache-miss
64 http cache https://registry.npmjs.org/sass-embedded 67ms (cache hit)
65 silly packumentCache full:https://registry.npmjs.org/sass-embedded set size:424010 disposed:false
66 silly fetch manifest stylus@>=0.54.8
67 silly packumentCache full:https://registry.npmjs.org/stylus cache-miss
68 http cache https://registry.npmjs.org/stylus 55ms (cache hit)
69 silly packumentCache full:https://registry.npmjs.org/stylus set size:286766 disposed:false
70 silly fetch manifest sugarss@^5.0.0
71 silly packumentCache full:https://registry.npmjs.org/sugarss cache-miss
72 http cache https://registry.npmjs.org/sugarss 43ms (cache hit)
73 silly packumentCache full:https://registry.npmjs.org/sugarss set size:44975 disposed:false
74 silly fetch manifest postcss@^8.3.3
75 silly packumentCache full:https://registry.npmjs.org/postcss cache-miss
76 http cache https://registry.npmjs.org/postcss 24ms (cache hit)
77 silly packumentCache full:https://registry.npmjs.org/postcss set size:760024 disposed:false
78 silly fetch manifest terser@^5.16.0
79 silly packumentCache full:https://registry.npmjs.org/terser cache-miss
80 http cache https://registry.npmjs.org/terser 119ms (cache hit)
81 silly packumentCache full:https://registry.npmjs.org/terser set size:817272 disposed:false
82 silly fetch manifest tsx@^4.8.1
83 silly packumentCache full:https://registry.npmjs.org/tsx cache-miss
84 http cache https://registry.npmjs.org/tsx 64ms (cache hit)
85 silly packumentCache full:https://registry.npmjs.org/tsx set size:341667 disposed:false
86 silly fetch manifest yaml@^2.4.2
87 silly packumentCache full:https://registry.npmjs.org/yaml cache-miss
88 http cache https://registry.npmjs.org/yaml 71ms (cache hit)
89 silly packumentCache full:https://registry.npmjs.org/yaml set size:385754 disposed:false
90 silly fetch manifest @vitejs/plugin-react@^5.0.2
91 silly packumentCache full:https://registry.npmjs.org/@vitejs%2fplugin-react cache-miss
92 http cache https://registry.npmjs.org/@vitejs%2fplugin-react 53ms (cache hit)
93 silly packumentCache full:https://registry.npmjs.org/@vitejs%2fplugin-react set size:276693 disposed:false
94 silly fetch manifest concurrently@^9.2.0
95 silly packumentCache full:https://registry.npmjs.org/concurrently cache-miss
96 http cache https://registry.npmjs.org/concurrently 46ms (cache hit)
97 silly packumentCache full:https://registry.npmjs.org/concurrently set size:228352 disposed:false
98 silly fetch manifest tailwindcss@^4.1.12
99 silly packumentCache full:https://registry.npmjs.org/tailwindcss cache-miss
100 http cache https://registry.npmjs.org/tailwindcss 62ms (cache hit)
101 silly packumentCache full:https://registry.npmjs.org/tailwindcss set size:10868886 disposed:false
102 silly placeDep ROOT @tailwindcss/vite@4.3.3 OK for: sind-and-sind@0.1.0 want: ^4.1.12
103 silly placeDep ROOT vite@7.3.6 OK for: @tailwindcss/vite@4.3.3 want: ^5.2.0 || ^6 || ^7 || ^8
104 silly placeDep ROOT @vitejs/plugin-react@5.2.0 OK for: sind-and-sind@0.1.0 want: ^5.0.2
105 silly placeDep ROOT concurrently@9.2.4 OK for: sind-and-sind@0.1.0 want: ^9.2.0
106 silly placeDep ROOT cors@2.8.6 OK for: sind-and-sind@0.1.0 want: ^2.8.5
107 silly placeDep ROOT express@5.2.1 OK for: sind-and-sind@0.1.0 want: ^5.1.0
108 silly placeDep ROOT react@19.2.8 OK for: sind-and-sind@0.1.0 want: ^19.1.1
109 silly placeDep ROOT react-dom@19.2.8 OK for: sind-and-sind@0.1.0 want: ^19.1.1
110 silly placeDep ROOT react-router-dom@7.18.2 OK for: sind-and-sind@0.1.0 want: ^7.8.2
111 silly placeDep ROOT tailwindcss@4.3.3 OK for: sind-and-sind@0.1.0 want: ^4.1.12
112 silly fetch manifest tailwindcss@4.3.3
113 silly packumentCache full:https://registry.npmjs.org/tailwindcss cache-miss
114 silly fetch manifest @tailwindcss/node@4.3.3
115 silly packumentCache full:https://registry.npmjs.org/@tailwindcss%2fnode cache-miss
116 silly fetch manifest @tailwindcss/oxide@4.3.3
117 silly packumentCache full:https://registry.npmjs.org/@tailwindcss%2foxide cache-miss
118 silly fetch manifest fdir@^6.5.0
119 silly packumentCache full:https://registry.npmjs.org/fdir cache-miss
120 silly fetch manifest rollup@^4.43.0
121 silly packumentCache full:https://registry.npmjs.org/rollup cache-miss
122 silly fetch manifest esbuild@^0.27.0 || ^0.28.0
123 silly packumentCache full:https://registry.npmjs.org/esbuild cache-miss
124 silly fetch manifest postcss@^8.5.6
125 silly packumentCache full:https://registry.npmjs.org/postcss cache-hit
126 silly fetch manifest picomatch@^4.0.3
127 silly packumentCache full:https://registry.npmjs.org/picomatch cache-miss
128 silly fetch manifest tinyglobby@^0.2.15
129 silly packumentCache full:https://registry.npmjs.org/tinyglobby cache-miss
130 silly fetch manifest fsevents@~2.3.3
131 silly packumentCache full:https://registry.npmjs.org/fsevents cache-miss
132 silly fetch manifest @babel/core@^7.29.0
133 silly packumentCache full:https://registry.npmjs.org/@babel%2fcore cache-miss
134 silly fetch manifest react-refresh@^0.18.0
135 silly packumentCache full:https://registry.npmjs.org/react-refresh cache-miss
136 http cache https://registry.npmjs.org/fdir 94ms (cache hit)
137 silly packumentCache full:https://registry.npmjs.org/fdir set size:136182 disposed:false
138 silly fetch manifest @types/babel__core@^7.20.5
139 silly packumentCache full:https://registry.npmjs.org/@types%2fbabel__core cache-miss
140 http cache https://registry.npmjs.org/tailwindcss 145ms (cache hit)
141 silly packumentCache full:https://registry.npmjs.org/tailwindcss set size:10868886 disposed:false
142 silly fetch manifest @rolldown/pluginutils@1.0.0-rc.3
143 silly packumentCache full:https://registry.npmjs.org/@rolldown%2fpluginutils cache-miss
144 http cache https://registry.npmjs.org/fsevents 300ms (cache hit)
145 silly packumentCache full:https://registry.npmjs.org/fsevents set size:182472 disposed:false
146 silly fetch manifest @babel/plugin-transform-react-jsx-self@^7.27.1
147 silly packumentCache full:https://registry.npmjs.org/@babel%2fplugin-transform-react-jsx-self cache-miss
148 http cache https://registry.npmjs.org/picomatch 312ms (cache hit)
149 silly packumentCache full:https://registry.npmjs.org/picomatch set size:128942 disposed:false
150 silly fetch manifest @babel/plugin-transform-react-jsx-source@^7.27.1
151 silly packumentCache full:https://registry.npmjs.org/@babel%2fplugin-transform-react-jsx-source cache-miss
152 http cache https://registry.npmjs.org/esbuild 325ms (cache hit)
153 silly packumentCache full:https://registry.npmjs.org/esbuild set size:1264676 disposed:false
154 silly fetch manifest rxjs@7.8.2
155 silly packumentCache full:https://registry.npmjs.org/rxjs cache-miss
156 http cache https://registry.npmjs.org/@tailwindcss%2fnode 356ms (cache hit)
157 silly packumentCache full:https://registry.npmjs.org/@tailwindcss%2fnode set size:2361309 disposed:false
158 silly fetch manifest chalk@4.1.2
159 silly packumentCache full:https://registry.npmjs.org/chalk cache-miss
160 http cache https://registry.npmjs.org/@babel%2fcore 380ms (cache hit)
161 silly packumentCache full:https://registry.npmjs.org/@babel%2fcore set size:788273 disposed:false
162 silly fetch manifest yargs@17.7.2
163 silly packumentCache full:https://registry.npmjs.org/yargs cache-miss
164 http cache https://registry.npmjs.org/tinyglobby 393ms (cache hit)
165 silly packumentCache full:https://registry.npmjs.org/tinyglobby set size:54291 disposed:false
166 silly fetch manifest tree-kill@1.2.2
167 silly packumentCache full:https://registry.npmjs.org/tree-kill cache-miss
168 http cache https://registry.npmjs.org/@tailwindcss%2foxide 418ms (cache hit)
169 silly packumentCache full:https://registry.npmjs.org/@tailwindcss%2foxide set size:4754430 disposed:false
170 silly fetch manifest shell-quote@1.9.0
171 silly packumentCache full:https://registry.npmjs.org/shell-quote cache-miss
172 http cache https://registry.npmjs.org/@types%2fbabel__core 472ms (cache hit)
173 silly packumentCache full:https://registry.npmjs.org/@types%2fbabel__core set size:88676 disposed:false
174 silly fetch manifest supports-color@8.1.1
175 silly packumentCache full:https://registry.npmjs.org/supports-color cache-miss
176 http cache https://registry.npmjs.org/@babel%2fplugin-transform-react-jsx-self 265ms (cache hit)
177 silly packumentCache full:https://registry.npmjs.org/@babel%2fplugin-transform-react-jsx-self set size:200274 disposed:false
178 silly fetch manifest object-assign@^4
179 silly packumentCache full:https://registry.npmjs.org/object-assign cache-miss
180 http cache https://registry.npmjs.org/@rolldown%2fpluginutils 284ms (cache hit)
181 silly packumentCache full:https://registry.npmjs.org/@rolldown%2fpluginutils set size:300388 disposed:false
182 silly fetch manifest vary@^1
183 silly packumentCache full:https://registry.npmjs.org/vary cache-miss
184 http cache https://registry.npmjs.org/@babel%2fplugin-transform-react-jsx-source 317ms (cache hit)
185 silly packumentCache full:https://registry.npmjs.org/@babel%2fplugin-transform-react-jsx-source set size:205288 disposed:false
186 silly fetch manifest qs@^6.14.0
187 silly packumentCache full:https://registry.npmjs.org/qs cache-miss
188 http cache https://registry.npmjs.org/yargs 257ms (cache hit)
189 silly packumentCache full:https://registry.npmjs.org/yargs set size:759965 disposed:false
190 silly fetch manifest depd@^2.0.0
191 silly packumentCache full:https://registry.npmjs.org/depd cache-miss
192 http cache https://registry.npmjs.org/rxjs 329ms (cache hit)
193 silly packumentCache full:https://registry.npmjs.org/rxjs set size:1028301 disposed:false
194 silly fetch manifest etag@^1.8.1
195 silly packumentCache full:https://registry.npmjs.org/etag cache-miss
196 http cache https://registry.npmjs.org/chalk 315ms (cache hit)
197 silly packumentCache full:https://registry.npmjs.org/chalk set size:134775 disposed:false
198 silly fetch manifest once@^1.4.0
199 silly packumentCache full:https://registry.npmjs.org/once cache-miss
200 http cache https://registry.npmjs.org/tree-kill 301ms (cache hit)
201 silly packumentCache full:https://registry.npmjs.org/tree-kill set size:24180 disposed:false
202 silly fetch manifest send@^1.1.0
203 silly packumentCache full:https://registry.npmjs.org/send cache-miss
204 http cache https://registry.npmjs.org/shell-quote 273ms (cache hit)
205 silly packumentCache full:https://registry.npmjs.org/shell-quote set size:72517 disposed:false
206 silly fetch manifest vary@^1.1.2
207 silly packumentCache full:https://registry.npmjs.org/vary cache-miss
208 http cache https://registry.npmjs.org/react-refresh 755ms (cache hit)
209 silly packumentCache full:https://registry.npmjs.org/react-refresh set size:6547684 disposed:false
210 silly fetch manifest debug@^4.4.0
211 silly packumentCache full:https://registry.npmjs.org/debug cache-miss
212 http cache https://registry.npmjs.org/supports-color 268ms (cache hit)
213 silly packumentCache full:https://registry.npmjs.org/supports-color set size:124169 disposed:false
214 silly fetch manifest fresh@^2.0.0
215 silly packumentCache full:https://registry.npmjs.org/fresh cache-miss
216 http cache https://registry.npmjs.org/object-assign 273ms (cache hit)
217 silly packumentCache full:https://registry.npmjs.org/object-assign set size:28988 disposed:false
218 silly fetch manifest cookie@^0.7.1
219 silly packumentCache full:https://registry.npmjs.org/cookie cache-miss
220 http cache https://registry.npmjs.org/vary 269ms (cache hit)
221 silly packumentCache full:https://registry.npmjs.org/vary set size:15994 disposed:false
222 silly fetch manifest router@^2.2.0
223 silly packumentCache full:https://registry.npmjs.org/router cache-miss
224 http cache https://registry.npmjs.org/qs 223ms (cache hit)
225 silly packumentCache full:https://registry.npmjs.org/qs set size:360318 disposed:false
226 silly fetch manifest accepts@^2.0.0
227 silly packumentCache full:https://registry.npmjs.org/accepts cache-miss
228 http cache https://registry.npmjs.org/depd 211ms (cache hit)
229 silly packumentCache full:https://registry.npmjs.org/depd set size:40182 disposed:false
230 silly fetch manifest type-is@^2.0.1
231 silly packumentCache full:https://registry.npmjs.org/type-is cache-miss
232 http cache https://registry.npmjs.org/etag 191ms (cache hit)
233 silly packumentCache full:https://registry.npmjs.org/etag set size:30032 disposed:false
234 silly fetch manifest parseurl@^1.3.3
235 silly packumentCache full:https://registry.npmjs.org/parseurl cache-miss
236 http cache https://registry.npmjs.org/once 190ms (cache hit)
237 silly packumentCache full:https://registry.npmjs.org/once set size:11752 disposed:false
238 silly fetch manifest statuses@^2.0.1
239 silly packumentCache full:https://registry.npmjs.org/statuses cache-miss
240 http cache https://registry.npmjs.org/send 200ms (cache hit)
241 silly packumentCache full:https://registry.npmjs.org/send set size:152810 disposed:false
242 silly fetch manifest encodeurl@^2.0.0
243 silly packumentCache full:https://registry.npmjs.org/encodeurl cache-miss
244 http cache https://registry.npmjs.org/vary 172ms (cache hit)
245 silly packumentCache full:https://registry.npmjs.org/vary set size:15994 disposed:false
246 silly packumentCache full:https://registry.npmjs.org/vary dispose
247 silly fetch manifest mime-types@^3.0.0
248 silly packumentCache full:https://registry.npmjs.org/mime-types cache-miss
249 http cache https://registry.npmjs.org/debug 95ms (cache hit)
250 silly packumentCache full:https://registry.npmjs.org/debug set size:195840 disposed:false
251 silly fetch manifest proxy-addr@^2.0.7
252 silly packumentCache full:https://registry.npmjs.org/proxy-addr cache-miss
253 http cache https://registry.npmjs.org/cookie 87ms (cache hit)
254 silly packumentCache full:https://registry.npmjs.org/cookie set size:78274 disposed:false
255 silly fetch manifest body-parser@^2.2.1
256 silly packumentCache full:https://registry.npmjs.org/body-parser cache-miss
257 http cache https://registry.npmjs.org/fresh 115ms (cache hit)
258 silly packumentCache full:https://registry.npmjs.org/fresh set size:25427 disposed:false
259 silly fetch manifest escape-html@^1.0.3
260 silly packumentCache full:https://registry.npmjs.org/escape-html cache-miss
261 http cache https://registry.npmjs.org/accepts 98ms (cache hit)
262 silly packumentCache full:https://registry.npmjs.org/accepts set size:77054 disposed:false
263 silly fetch manifest http-errors@^2.0.0
264 silly packumentCache full:https://registry.npmjs.org/http-errors cache-miss
265 http cache https://registry.npmjs.org/type-is 97ms (cache hit)
266 silly packumentCache full:https://registry.npmjs.org/type-is set size:88614 disposed:false
267 silly fetch manifest on-finished@^2.4.1
268 silly packumentCache full:https://registry.npmjs.org/on-finished cache-miss
269 http cache https://registry.npmjs.org/router 124ms (cache hit)
270 silly packumentCache full:https://registry.npmjs.org/router set size:116499 disposed:false
271 silly fetch manifest content-type@^1.0.5
272 silly packumentCache full:https://registry.npmjs.org/content-type cache-miss
273 http cache https://registry.npmjs.org/parseurl 106ms (cache hit)
274 silly packumentCache full:https://registry.npmjs.org/parseurl set size:24148 disposed:false
275 silly fetch manifest finalhandler@^2.1.0
276 silly packumentCache full:https://registry.npmjs.org/finalhandler cache-miss
277 http cache https://registry.npmjs.org/statuses 106ms (cache hit)
278 silly packumentCache full:https://registry.npmjs.org/statuses set size:37117 disposed:false
279 silly fetch manifest range-parser@^1.2.1
280 silly packumentCache full:https://registry.npmjs.org/range-parser cache-miss
281 http cache https://registry.npmjs.org/encodeurl 114ms (cache hit)
282 silly packumentCache full:https://registry.npmjs.org/encodeurl set size:12296 disposed:false
283 silly fetch manifest serve-static@^2.2.0
284 silly packumentCache full:https://registry.npmjs.org/serve-static cache-miss
285 http cache https://registry.npmjs.org/mime-types 122ms (cache hit)
286 silly packumentCache full:https://registry.npmjs.org/mime-types set size:139110 disposed:false
287 silly fetch manifest cookie-signature@^1.2.1
288 silly packumentCache full:https://registry.npmjs.org/cookie-signature cache-miss
289 http cache https://registry.npmjs.org/proxy-addr 118ms (cache hit)
290 silly packumentCache full:https://registry.npmjs.org/proxy-addr set size:61619 disposed:false
291 silly fetch manifest merge-descriptors@^2.0.0
292 silly packumentCache full:https://registry.npmjs.org/merge-descriptors cache-miss
293 http cache https://registry.npmjs.org/http-errors 90ms (cache hit)
294 silly packumentCache full:https://registry.npmjs.org/http-errors set size:71987 disposed:false
295 silly fetch manifest content-disposition@^1.0.0
296 silly packumentCache full:https://registry.npmjs.org/content-disposition cache-miss
297 http cache https://registry.npmjs.org/escape-html 108ms (cache hit)
298 silly packumentCache full:https://registry.npmjs.org/escape-html set size:7345 disposed:false
299 silly fetch manifest scheduler@^0.27.0
300 silly packumentCache full:https://registry.npmjs.org/scheduler cache-miss
301 http cache https://registry.npmjs.org/content-type 92ms (cache hit)
302 silly packumentCache full:https://registry.npmjs.org/content-type set size:21479 disposed:false
303 silly fetch manifest react-router@7.18.2
304 silly packumentCache full:https://registry.npmjs.org/react-router cache-miss
305 http cache https://registry.npmjs.org/on-finished 102ms (cache hit)
306 silly packumentCache full:https://registry.npmjs.org/on-finished set size:23212 disposed:false
307 http cache https://registry.npmjs.org/body-parser 141ms (cache hit)
308 silly packumentCache full:https://registry.npmjs.org/body-parser set size:204559 disposed:false
309 http cache https://registry.npmjs.org/finalhandler 108ms (cache hit)
310 silly packumentCache full:https://registry.npmjs.org/finalhandler set size:79291 disposed:false
311 http cache https://registry.npmjs.org/range-parser 111ms (cache hit)
312 silly packumentCache full:https://registry.npmjs.org/range-parser set size:24852 disposed:false
313 http cache https://registry.npmjs.org/merge-descriptors 84ms (cache hit)
314 silly packumentCache full:https://registry.npmjs.org/merge-descriptors set size:16527 disposed:false
315 http cache https://registry.npmjs.org/cookie-signature 95ms (cache hit)
316 silly packumentCache full:https://registry.npmjs.org/cookie-signature set size:21777 disposed:false
317 http cache https://registry.npmjs.org/serve-static 116ms (cache hit)
318 silly packumentCache full:https://registry.npmjs.org/serve-static set size:150391 disposed:false
319 http cache https://registry.npmjs.org/content-disposition 92ms (cache hit)
320 silly packumentCache full:https://registry.npmjs.org/content-disposition set size:45446 disposed:false
321 http cache https://registry.npmjs.org/react-router 319ms (cache hit)
322 silly packumentCache full:https://registry.npmjs.org/react-router set size:4079281 disposed:false
323 http cache https://registry.npmjs.org/rollup 1526ms (cache hit)
324 silly packumentCache full:https://registry.npmjs.org/rollup set size:6278661 disposed:false
325 http cache https://registry.npmjs.org/scheduler 553ms (cache hit)
326 silly packumentCache full:https://registry.npmjs.org/scheduler set size:5695246 disposed:false
327 silly placeDep ROOT @tailwindcss/node@4.3.3 OK for: @tailwindcss/vite@4.3.3 want: 4.3.3
328 silly placeDep ROOT @tailwindcss/oxide@4.3.3 OK for: @tailwindcss/vite@4.3.3 want: 4.3.3
329 silly fetch manifest jiti@^2.7.0
330 silly packumentCache full:https://registry.npmjs.org/jiti cache-hit
331 silly fetch manifest lightningcss@1.32.0
332 silly packumentCache full:https://registry.npmjs.org/lightningcss cache-hit
333 silly fetch manifest magic-string@^0.30.21
334 silly packumentCache full:https://registry.npmjs.org/magic-string cache-miss
335 silly fetch manifest source-map-js@^1.2.1
336 silly packumentCache full:https://registry.npmjs.org/source-map-js cache-miss
337 silly fetch manifest enhanced-resolve@^5.24.1
338 silly packumentCache full:https://registry.npmjs.org/enhanced-resolve cache-miss
339 silly fetch manifest @jridgewell/remapping@^2.3.5
340 silly packumentCache full:https://registry.npmjs.org/@jridgewell%2fremapping cache-miss
341 silly fetch manifest @tailwindcss/oxide-darwin-x64@4.3.3
342 silly packumentCache full:https://registry.npmjs.org/@tailwindcss%2foxide-darwin-x64 cache-miss
343 silly fetch manifest @tailwindcss/oxide-freebsd-x64@4.3.3
344 silly packumentCache full:https://registry.npmjs.org/@tailwindcss%2foxide-freebsd-x64 cache-miss
345 silly fetch manifest @tailwindcss/oxide-wasm32-wasi@4.3.3
346 silly packumentCache full:https://registry.npmjs.org/@tailwindcss%2foxide-wasm32-wasi cache-miss
347 silly fetch manifest @tailwindcss/oxide-darwin-arm64@4.3.3
348 silly packumentCache full:https://registry.npmjs.org/@tailwindcss%2foxide-darwin-arm64 cache-miss
349 silly fetch manifest @tailwindcss/oxide-android-arm64@4.3.3
350 silly packumentCache full:https://registry.npmjs.org/@tailwindcss%2foxide-android-arm64 cache-miss
351 silly fetch manifest @tailwindcss/oxide-linux-x64-gnu@4.3.3
352 silly packumentCache full:https://registry.npmjs.org/@tailwindcss%2foxide-linux-x64-gnu cache-miss
353 silly fetch manifest @tailwindcss/oxide-linux-x64-musl@4.3.3
354 silly packumentCache full:https://registry.npmjs.org/@tailwindcss%2foxide-linux-x64-musl cache-miss
355 http cache https://registry.npmjs.org/@jridgewell%2fremapping 70ms (cache hit)
356 silly packumentCache full:https://registry.npmjs.org/@jridgewell%2fremapping set size:23809 disposed:false
357 silly fetch manifest @tailwindcss/oxide-win32-x64-msvc@4.3.3
358 silly packumentCache full:https://registry.npmjs.org/@tailwindcss%2foxide-win32-x64-msvc cache-miss
359 http cache https://registry.npmjs.org/source-map-js 77ms (cache hit)
360 silly packumentCache full:https://registry.npmjs.org/source-map-js set size:62640 disposed:false
361 silly fetch manifest @tailwindcss/oxide-linux-arm64-gnu@4.3.3
362 silly packumentCache full:https://registry.npmjs.org/@tailwindcss%2foxide-linux-arm64-gnu cache-miss
363 http cache https://registry.npmjs.org/enhanced-resolve 133ms (cache hit)
364 silly packumentCache full:https://registry.npmjs.org/enhanced-resolve set size:482889 disposed:false
365 silly fetch manifest @tailwindcss/oxide-linux-arm64-musl@4.3.3
366 silly packumentCache full:https://registry.npmjs.org/@tailwindcss%2foxide-linux-arm64-musl cache-miss
367 http cache https://registry.npmjs.org/magic-string 149ms (cache hit)
368 silly packumentCache full:https://registry.npmjs.org/magic-string set size:344257 disposed:false
369 silly fetch manifest @tailwindcss/oxide-win32-arm64-msvc@4.3.3
370 silly packumentCache full:https://registry.npmjs.org/@tailwindcss%2foxide-win32-arm64-msvc cache-miss
371 http cache https://registry.npmjs.org/@tailwindcss%2foxide-wasm32-wasi 200ms (cache hit)
372 silly packumentCache full:https://registry.npmjs.org/@tailwindcss%2foxide-wasm32-wasi set size:1592948 disposed:false
373 silly fetch manifest @tailwindcss/oxide-linux-arm-gnueabihf@4.3.3
374 silly packumentCache full:https://registry.npmjs.org/@tailwindcss%2foxide-linux-arm-gnueabihf cache-miss
375 http cache https://registry.npmjs.org/@tailwindcss%2foxide-darwin-arm64 331ms (cache hit)
376 silly packumentCache full:https://registry.npmjs.org/@tailwindcss%2foxide-darwin-arm64 set size:3012079 disposed:false
377 http cache https://registry.npmjs.org/@tailwindcss%2foxide-darwin-x64 378ms (cache hit)
378 silly packumentCache full:https://registry.npmjs.org/@tailwindcss%2foxide-darwin-x64 set size:2975821 disposed:false
379 http cache https://registry.npmjs.org/@tailwindcss%2foxide-freebsd-x64 419ms (cache hit)
380 silly packumentCache full:https://registry.npmjs.org/@tailwindcss%2foxide-freebsd-x64 set size:2990990 disposed:false
381 http cache https://registry.npmjs.org/@tailwindcss%2foxide-android-arm64 449ms (cache hit)
382 silly packumentCache full:https://registry.npmjs.org/@tailwindcss%2foxide-android-arm64 set size:2153161 disposed:false
383 http cache https://registry.npmjs.org/@tailwindcss%2foxide-linux-x64-musl 501ms (cache hit)
384 silly packumentCache full:https://registry.npmjs.org/@tailwindcss%2foxide-linux-x64-musl set size:3046621 disposed:false
385 http cache https://registry.npmjs.org/@tailwindcss%2foxide-linux-x64-gnu 531ms (cache hit)
386 silly packumentCache full:https://registry.npmjs.org/@tailwindcss%2foxide-linux-x64-gnu set size:3037338 disposed:false
387 http cache https://registry.npmjs.org/@tailwindcss%2foxide-win32-arm64-msvc 563ms (cache hit)
388 silly packumentCache full:https://registry.npmjs.org/@tailwindcss%2foxide-win32-arm64-msvc set size:2130381 disposed:false
389 http cache https://registry.npmjs.org/@tailwindcss%2foxide-linux-arm64-gnu 703ms (cache hit)
390 silly packumentCache full:https://registry.npmjs.org/@tailwindcss%2foxide-linux-arm64-gnu set size:3064705 disposed:false
391 http cache https://registry.npmjs.org/@tailwindcss%2foxide-win32-x64-msvc 750ms (cache hit)
392 silly packumentCache full:https://registry.npmjs.org/@tailwindcss%2foxide-win32-x64-msvc set size:3018784 disposed:false
393 http cache https://registry.npmjs.org/@tailwindcss%2foxide-linux-arm64-musl 724ms (cache hit)
394 silly packumentCache full:https://registry.npmjs.org/@tailwindcss%2foxide-linux-arm64-musl set size:3076242 disposed:false
395 http cache https://registry.npmjs.org/@tailwindcss%2foxide-linux-arm-gnueabihf 724ms (cache hit)
396 silly packumentCache full:https://registry.npmjs.org/@tailwindcss%2foxide-linux-arm-gnueabihf set size:3090937 disposed:false
397 silly placeDep ROOT @jridgewell/remapping@2.3.5 OK for: @tailwindcss/node@4.3.3 want: ^2.3.5
398 silly placeDep ROOT enhanced-resolve@5.24.5 OK for: @tailwindcss/node@4.3.3 want: ^5.24.1
399 silly placeDep ROOT jiti@2.7.0 OK for: @tailwindcss/node@4.3.3 want: ^2.7.0
400 silly placeDep ROOT lightningcss@1.32.0 OK for: @tailwindcss/node@4.3.3 want: 1.32.0
401 silly placeDep ROOT magic-string@0.30.21 OK for: @tailwindcss/node@4.3.3 want: ^0.30.21
402 silly placeDep ROOT source-map-js@1.2.1 OK for: @tailwindcss/node@4.3.3 want: ^1.2.1
403 silly fetch manifest @jridgewell/gen-mapping@^0.3.5
404 silly packumentCache full:https://registry.npmjs.org/@jridgewell%2fgen-mapping cache-miss
405 silly fetch manifest @jridgewell/trace-mapping@^0.3.24
406 silly packumentCache full:https://registry.npmjs.org/@jridgewell%2ftrace-mapping cache-miss
407 silly fetch manifest tapable@^2.3.3
408 silly packumentCache full:https://registry.npmjs.org/tapable cache-miss
409 silly fetch manifest graceful-fs@^4.2.4
410 silly packumentCache full:https://registry.npmjs.org/graceful-fs cache-miss
411 silly fetch manifest detect-libc@^2.0.3
412 silly packumentCache full:https://registry.npmjs.org/detect-libc cache-miss
413 silly fetch manifest lightningcss-darwin-x64@1.32.0
414 silly packumentCache full:https://registry.npmjs.org/lightningcss-darwin-x64 cache-miss
415 silly fetch manifest lightningcss-freebsd-x64@1.32.0
416 silly packumentCache full:https://registry.npmjs.org/lightningcss-freebsd-x64 cache-miss
417 silly fetch manifest lightningcss-darwin-arm64@1.32.0
418 silly packumentCache full:https://registry.npmjs.org/lightningcss-darwin-arm64 cache-miss
419 silly fetch manifest lightningcss-android-arm64@1.32.0
420 silly packumentCache full:https://registry.npmjs.org/lightningcss-android-arm64 cache-miss
421 silly fetch manifest lightningcss-linux-x64-gnu@1.32.0
422 silly packumentCache full:https://registry.npmjs.org/lightningcss-linux-x64-gnu cache-miss
423 silly fetch manifest lightningcss-linux-x64-musl@1.32.0
424 silly packumentCache full:https://registry.npmjs.org/lightningcss-linux-x64-musl cache-miss
425 http cache https://registry.npmjs.org/detect-libc 71ms (cache hit)
426 silly packumentCache full:https://registry.npmjs.org/detect-libc set size:47861 disposed:false
427 silly fetch manifest lightningcss-win32-x64-msvc@1.32.0
428 silly packumentCache full:https://registry.npmjs.org/lightningcss-win32-x64-msvc cache-miss
429 http cache https://registry.npmjs.org/graceful-fs 83ms (cache hit)
430 silly packumentCache full:https://registry.npmjs.org/graceful-fs set size:124285 disposed:false
431 silly fetch manifest lightningcss-linux-arm64-gnu@1.32.0
432 silly packumentCache full:https://registry.npmjs.org/lightningcss-linux-arm64-gnu cache-miss
433 http cache https://registry.npmjs.org/tapable 92ms (cache hit)
434 silly packumentCache full:https://registry.npmjs.org/tapable set size:141233 disposed:false
435 silly fetch manifest lightningcss-linux-arm64-musl@1.32.0
436 silly packumentCache full:https://registry.npmjs.org/lightningcss-linux-arm64-musl cache-miss
437 http cache https://registry.npmjs.org/@jridgewell%2ftrace-mapping 100ms (cache hit)
438 silly packumentCache full:https://registry.npmjs.org/@jridgewell%2ftrace-mapping set size:170909 disposed:false
439 silly fetch manifest lightningcss-win32-arm64-msvc@1.32.0
440 silly packumentCache full:https://registry.npmjs.org/lightningcss-win32-arm64-msvc cache-miss
441 http cache https://registry.npmjs.org/lightningcss-freebsd-x64 102ms (cache hit)
442 silly packumentCache full:https://registry.npmjs.org/lightningcss-freebsd-x64 set size:44564 disposed:false
443 silly fetch manifest lightningcss-linux-arm-gnueabihf@1.32.0
444 silly packumentCache full:https://registry.npmjs.org/lightningcss-linux-arm-gnueabihf cache-miss
445 http cache https://registry.npmjs.org/lightningcss-darwin-x64 108ms (cache hit)
446 silly packumentCache full:https://registry.npmjs.org/lightningcss-darwin-x64 set size:80374 disposed:false
447 silly fetch manifest @jridgewell/sourcemap-codec@^1.5.5
448 silly packumentCache full:https://registry.npmjs.org/@jridgewell%2fsourcemap-codec cache-miss
449 http cache https://registry.npmjs.org/@jridgewell%2fgen-mapping 119ms (cache hit)
450 silly packumentCache full:https://registry.npmjs.org/@jridgewell%2fgen-mapping set size:75941 disposed:false
451 http cache https://registry.npmjs.org/lightningcss-darwin-arm64 118ms (cache hit)
452 silly packumentCache full:https://registry.npmjs.org/lightningcss-darwin-arm64 set size:80970 disposed:false
453 http cache https://registry.npmjs.org/lightningcss-android-arm64 122ms (cache hit)
454 silly packumentCache full:https://registry.npmjs.org/lightningcss-android-arm64 set size:9371 disposed:false
455 http cache https://registry.npmjs.org/lightningcss-linux-x64-gnu 137ms (cache hit)
456 silly packumentCache full:https://registry.npmjs.org/lightningcss-linux-x64-gnu set size:81819 disposed:false
457 http cache https://registry.npmjs.org/lightningcss-linux-x64-musl 140ms (cache hit)
458 silly packumentCache full:https://registry.npmjs.org/lightningcss-linux-x64-musl set size:82032 disposed:false
459 http cache https://registry.npmjs.org/@jridgewell%2fsourcemap-codec 46ms (cache hit)
460 silly packumentCache full:https://registry.npmjs.org/@jridgewell%2fsourcemap-codec set size:51856 disposed:false
461 http cache https://registry.npmjs.org/lightningcss-win32-arm64-msvc 71ms (cache hit)
462 silly packumentCache full:https://registry.npmjs.org/lightningcss-win32-arm64-msvc set size:28346 disposed:false
463 http cache https://registry.npmjs.org/lightningcss-linux-arm64-gnu 87ms (cache hit)
464 silly packumentCache full:https://registry.npmjs.org/lightningcss-linux-arm64-gnu set size:82397 disposed:false
465 http cache https://registry.npmjs.org/lightningcss-linux-arm64-musl 85ms (cache hit)
466 silly packumentCache full:https://registry.npmjs.org/lightningcss-linux-arm64-musl set size:82617 disposed:false
467 http cache https://registry.npmjs.org/lightningcss-win32-x64-msvc 109ms (cache hit)
468 silly packumentCache full:https://registry.npmjs.org/lightningcss-win32-x64-msvc set size:81347 disposed:false
469 http cache https://registry.npmjs.org/lightningcss-linux-arm-gnueabihf 86ms (cache hit)
470 silly packumentCache full:https://registry.npmjs.org/lightningcss-linux-arm-gnueabihf set size:82635 disposed:false
471 silly placeDep ROOT @jridgewell/gen-mapping@0.3.13 OK for: @jridgewell/remapping@2.3.5 want: ^0.3.5
472 silly placeDep ROOT @jridgewell/trace-mapping@0.3.31 OK for: @jridgewell/remapping@2.3.5 want: ^0.3.24
473 silly fetch manifest @jridgewell/sourcemap-codec@^1.5.0
474 silly packumentCache full:https://registry.npmjs.org/@jridgewell%2fsourcemap-codec cache-hit
475 silly fetch manifest @jridgewell/resolve-uri@^3.1.0
476 silly packumentCache full:https://registry.npmjs.org/@jridgewell%2fresolve-uri cache-miss
477 silly fetch manifest @jridgewell/sourcemap-codec@^1.4.14
478 silly packumentCache full:https://registry.npmjs.org/@jridgewell%2fsourcemap-codec cache-hit
479 http cache https://registry.npmjs.org/@jridgewell%2fresolve-uri 36ms (cache hit)
480 silly packumentCache full:https://registry.npmjs.org/@jridgewell%2fresolve-uri set size:57361 disposed:false
481 silly placeDep ROOT @jridgewell/sourcemap-codec@1.5.5 OK for: @jridgewell/gen-mapping@0.3.13 want: ^1.5.0
482 silly placeDep ROOT @jridgewell/resolve-uri@3.1.2 OK for: @jridgewell/trace-mapping@0.3.31 want: ^3.1.0
483 silly placeDep ROOT @tailwindcss/oxide-android-arm64@4.3.3 OK for: @tailwindcss/oxide@4.3.3 want: 4.3.3
484 silly placeDep ROOT @tailwindcss/oxide-darwin-arm64@4.3.3 OK for: @tailwindcss/oxide@4.3.3 want: 4.3.3
485 silly placeDep ROOT @tailwindcss/oxide-darwin-x64@4.3.3 OK for: @tailwindcss/oxide@4.3.3 want: 4.3.3
486 silly placeDep ROOT @tailwindcss/oxide-freebsd-x64@4.3.3 OK for: @tailwindcss/oxide@4.3.3 want: 4.3.3
487 silly placeDep ROOT @tailwindcss/oxide-linux-arm-gnueabihf@4.3.3 OK for: @tailwindcss/oxide@4.3.3 want: 4.3.3
488 silly placeDep ROOT @tailwindcss/oxide-linux-arm64-gnu@4.3.3 OK for: @tailwindcss/oxide@4.3.3 want: 4.3.3
489 silly placeDep ROOT @tailwindcss/oxide-linux-arm64-musl@4.3.3 OK for: @tailwindcss/oxide@4.3.3 want: 4.3.3
490 silly placeDep ROOT @tailwindcss/oxide-linux-x64-gnu@4.3.3 OK for: @tailwindcss/oxide@4.3.3 want: 4.3.3
491 silly placeDep ROOT @tailwindcss/oxide-linux-x64-musl@4.3.3 OK for: @tailwindcss/oxide@4.3.3 want: 4.3.3
492 silly placeDep ROOT @tailwindcss/oxide-wasm32-wasi@4.3.3 OK for: @tailwindcss/oxide@4.3.3 want: 4.3.3
493 silly placeDep ROOT @tailwindcss/oxide-win32-arm64-msvc@4.3.3 OK for: @tailwindcss/oxide@4.3.3 want: 4.3.3
494 silly placeDep ROOT @tailwindcss/oxide-win32-x64-msvc@4.3.3 OK for: @tailwindcss/oxide@4.3.3 want: 4.3.3
495 silly placeDep ROOT @babel/core@7.29.7 OK for: @vitejs/plugin-react@5.2.0 want: ^7.29.0
496 silly placeDep ROOT @babel/plugin-transform-react-jsx-self@7.29.7 OK for: @vitejs/plugin-react@5.2.0 want: ^7.27.1
497 silly placeDep ROOT @babel/plugin-transform-react-jsx-source@7.29.7 OK for: @vitejs/plugin-react@5.2.0 want: ^7.27.1
498 silly placeDep ROOT @rolldown/pluginutils@1.0.0-rc.3 OK for: @vitejs/plugin-react@5.2.0 want: 1.0.0-rc.3
499 silly placeDep ROOT @types/babel__core@7.20.5 OK for: @vitejs/plugin-react@5.2.0 want: ^7.20.5
500 silly placeDep ROOT react-refresh@0.18.0 OK for: @vitejs/plugin-react@5.2.0 want: ^0.18.0
501 silly fetch manifest debug@^4.1.0
502 silly packumentCache full:https://registry.npmjs.org/debug cache-hit
503 silly fetch manifest json5@^2.2.3
504 silly packumentCache full:https://registry.npmjs.org/json5 cache-miss
505 silly fetch manifest semver@^6.3.1
506 silly packumentCache full:https://registry.npmjs.org/semver cache-miss
507 silly fetch manifest gensync@^1.0.0-beta.2
508 silly packumentCache full:https://registry.npmjs.org/gensync cache-miss
509 silly fetch manifest @babel/types@^7.29.7
510 silly packumentCache full:https://registry.npmjs.org/@babel%2ftypes cache-miss
511 silly fetch manifest @babel/parser@^7.29.7
512 silly packumentCache full:https://registry.npmjs.org/@babel%2fparser cache-miss
513 silly fetch manifest @babel/helpers@^7.29.7
514 silly packumentCache full:https://registry.npmjs.org/@babel%2fhelpers cache-miss
515 silly fetch manifest @babel/template@^7.29.7
516 silly packumentCache full:https://registry.npmjs.org/@babel%2ftemplate cache-miss
517 silly fetch manifest @babel/traverse@^7.29.7
518 silly packumentCache full:https://registry.npmjs.org/@babel%2ftraverse cache-miss
519 silly fetch manifest @babel/generator@^7.29.7
520 silly packumentCache full:https://registry.npmjs.org/@babel%2fgenerator cache-miss
521 silly fetch manifest @babel/code-frame@^7.29.7
522 silly packumentCache full:https://registry.npmjs.org/@babel%2fcode-frame cache-miss
523 silly fetch manifest convert-source-map@^2.0.0
524 silly packumentCache full:https://registry.npmjs.org/convert-source-map cache-miss
525 http cache https://registry.npmjs.org/@babel%2ftypes 79ms (cache hit)
526 silly packumentCache full:https://registry.npmjs.org/@babel%2ftypes set size:502938 disposed:false
527 silly fetch manifest @babel/helper-module-transforms@^7.29.7
528 silly packumentCache full:https://registry.npmjs.org/@babel%2fhelper-module-transforms cache-miss
529 http cache https://registry.npmjs.org/json5 90ms (cache hit)
530 silly packumentCache full:https://registry.npmjs.org/json5 set size:86136 disposed:false
531 silly fetch manifest @babel/helper-compilation-targets@^7.29.7
532 silly packumentCache full:https://registry.npmjs.org/@babel%2fhelper-compilation-targets cache-miss
533 http cache https://registry.npmjs.org/gensync 94ms (cache hit)
534 silly packumentCache full:https://registry.npmjs.org/gensync set size:15068 disposed:false
535 silly fetch manifest @babel/helper-plugin-utils@^7.29.7
536 silly packumentCache full:https://registry.npmjs.org/@babel%2fhelper-plugin-utils cache-miss
537 http cache https://registry.npmjs.org/@babel%2fparser 98ms (cache hit)
538 silly packumentCache full:https://registry.npmjs.org/@babel%2fparser set size:737961 disposed:false
539 silly fetch manifest @babel/helper-plugin-utils@^7.29.7
540 silly packumentCache full:https://registry.npmjs.org/@babel%2fhelper-plugin-utils cache-miss
541 http cache https://registry.npmjs.org/@babel%2ftemplate 114ms (cache hit)
542 silly packumentCache full:https://registry.npmjs.org/@babel%2ftemplate set size:237074 disposed:false
543 silly fetch manifest @babel/types@^7.20.7
544 silly packumentCache full:https://registry.npmjs.org/@babel%2ftypes cache-hit
545 silly fetch manifest @babel/parser@^7.20.7
546 silly packumentCache full:https://registry.npmjs.org/@babel%2fparser cache-hit
547 silly fetch manifest @types/babel__template@*
548 silly packumentCache full:https://registry.npmjs.org/@types%2fbabel__template cache-miss
549 http cache https://registry.npmjs.org/semver 135ms (cache hit)
550 silly packumentCache full:https://registry.npmjs.org/semver set size:246069 disposed:false
551 silly fetch manifest @types/babel__traverse@*
552 silly packumentCache full:https://registry.npmjs.org/@types%2fbabel__traverse cache-miss
553 http cache https://registry.npmjs.org/@babel%2fhelpers 159ms (cache hit)
554 silly packumentCache full:https://registry.npmjs.org/@babel%2fhelpers set size:398496 disposed:false
555 silly fetch manifest @types/babel__generator@*
556 silly packumentCache full:https://registry.npmjs.org/@types%2fbabel__generator cache-miss
557 http cache https://registry.npmjs.org/@babel%2fcode-frame 163ms (cache hit)
558 silly packumentCache full:https://registry.npmjs.org/@babel%2fcode-frame set size:206617 disposed:false
559 http cache https://registry.npmjs.org/convert-source-map 166ms (cache hit)
560 silly packumentCache full:https://registry.npmjs.org/convert-source-map set size:66997 disposed:false
561 http cache https://registry.npmjs.org/@babel%2ftraverse 177ms (cache hit)
562 silly packumentCache full:https://registry.npmjs.org/@babel%2ftraverse set size:564759 disposed:false
563 http cache https://registry.npmjs.org/@babel%2fgenerator 186ms (cache hit)
564 silly packumentCache full:https://registry.npmjs.org/@babel%2fgenerator set size:522841 disposed:false
565 http cache https://registry.npmjs.org/@types%2fbabel__template 121ms (cache hit)
566 silly packumentCache full:https://registry.npmjs.org/@types%2fbabel__template set size:22631 disposed:false
567 http cache https://registry.npmjs.org/@babel%2fhelper-compilation-targets 165ms (cache hit)
568 silly packumentCache full:https://registry.npmjs.org/@babel%2fhelper-compilation-targets set size:229541 disposed:false
569 http cache https://registry.npmjs.org/@babel%2fhelper-plugin-utils 150ms (cache hit)
570 silly packumentCache full:https://registry.npmjs.org/@babel%2fhelper-plugin-utils set size:175564 disposed:false
571 http cache https://registry.npmjs.org/@babel%2fhelper-plugin-utils 173ms (cache hit)
572 silly packumentCache full:https://registry.npmjs.org/@babel%2fhelper-plugin-utils set size:175564 disposed:false
573 silly packumentCache full:https://registry.npmjs.org/@babel%2fhelper-plugin-utils dispose
574 http cache https://registry.npmjs.org/@babel%2fhelper-module-transforms 187ms (cache hit)
575 silly packumentCache full:https://registry.npmjs.org/@babel%2fhelper-module-transforms set size:346454 disposed:false
576 http cache https://registry.npmjs.org/@types%2fbabel__generator 114ms (cache hit)
577 silly packumentCache full:https://registry.npmjs.org/@types%2fbabel__generator set size:31587 disposed:false
578 http cache https://registry.npmjs.org/@types%2fbabel__traverse 142ms (cache hit)
579 silly packumentCache full:https://registry.npmjs.org/@types%2fbabel__traverse set size:107819 disposed:false
580 silly fetch manifest @babel/core@^7.0.0
581 silly packumentCache full:https://registry.npmjs.org/@babel%2fcore cache-hit
582 silly placeDep ROOT @babel/code-frame@7.29.7 OK for: @babel/core@7.29.7 want: ^7.29.7
583 silly placeDep ROOT @babel/generator@7.29.8 OK for: @babel/core@7.29.7 want: ^7.29.7
584 silly placeDep ROOT @babel/helper-compilation-targets@7.29.7 OK for: @babel/core@7.29.7 want: ^7.29.7
585 silly placeDep ROOT @babel/helper-module-transforms@7.29.7 OK for: @babel/core@7.29.7 want: ^7.29.7
586 silly placeDep ROOT @babel/helpers@7.29.7 OK for: @babel/core@7.29.7 want: ^7.29.7
587 silly placeDep ROOT @babel/parser@7.29.8 OK for: @babel/core@7.29.7 want: ^7.29.7
588 silly placeDep ROOT @babel/template@7.29.7 OK for: @babel/core@7.29.7 want: ^7.29.7
589 silly placeDep ROOT @babel/traverse@7.29.8 OK for: @babel/core@7.29.7 want: ^7.29.7
590 silly placeDep ROOT @babel/types@7.29.8 OK for: @babel/core@7.29.7 want: ^7.29.7
591 silly placeDep ROOT convert-source-map@2.0.0 OK for: @babel/core@7.29.7 want: ^2.0.0
592 silly placeDep ROOT debug@4.4.3 OK for: @babel/core@7.29.7 want: ^4.1.0
593 silly placeDep ROOT gensync@1.0.0-beta.2 OK for: @babel/core@7.29.7 want: ^1.0.0-beta.2
594 silly placeDep ROOT json5@2.2.3 OK for: @babel/core@7.29.7 want: ^2.2.3
595 silly placeDep ROOT semver@6.3.1 OK for: @babel/core@7.29.7 want: ^6.3.1
596 silly fetch manifest js-tokens@^4.0.0
597 silly packumentCache full:https://registry.npmjs.org/js-tokens cache-miss
598 silly fetch manifest picocolors@^1.1.1
599 silly packumentCache full:https://registry.npmjs.org/picocolors cache-miss
600 silly fetch manifest @babel/helper-validator-identifier@^7.29.7
601 silly packumentCache full:https://registry.npmjs.org/@babel%2fhelper-validator-identifier cache-miss
602 silly fetch manifest jsesc@^3.0.2
603 silly packumentCache full:https://registry.npmjs.org/jsesc cache-miss
604 silly fetch manifest @babel/types@^7.29.8
605 silly packumentCache full:https://registry.npmjs.org/@babel%2ftypes cache-hit
606 silly fetch manifest @babel/parser@^7.29.8
607 silly packumentCache full:https://registry.npmjs.org/@babel%2fparser cache-hit
608 silly fetch manifest lru-cache@^5.1.1
609 silly packumentCache full:https://registry.npmjs.org/lru-cache cache-miss
610 silly fetch manifest browserslist@^4.24.0
611 silly packumentCache full:https://registry.npmjs.org/browserslist cache-miss
612 silly fetch manifest @babel/compat-data@^7.29.7
613 silly packumentCache full:https://registry.npmjs.org/@babel%2fcompat-data cache-miss
614 silly fetch manifest @babel/helper-validator-option@^7.29.7
615 silly packumentCache full:https://registry.npmjs.org/@babel%2fhelper-validator-option cache-miss
616 silly fetch manifest @babel/helper-module-imports@^7.29.7
617 silly packumentCache full:https://registry.npmjs.org/@babel%2fhelper-module-imports cache-miss
618 silly fetch manifest @babel/helper-validator-identifier@^7.29.7
619 silly packumentCache full:https://registry.npmjs.org/@babel%2fhelper-validator-identifier cache-miss
620 silly fetch manifest debug@^4.3.1
621 silly packumentCache full:https://registry.npmjs.org/debug cache-hit
622 silly fetch manifest @babel/helper-globals@^7.29.7
623 silly packumentCache full:https://registry.npmjs.org/@babel%2fhelper-globals cache-miss
624 http cache https://registry.npmjs.org/picocolors 78ms (cache hit)
625 silly packumentCache full:https://registry.npmjs.org/picocolors set size:16648 disposed:false
626 silly fetch manifest @babel/helper-string-parser@^7.29.7
627 silly packumentCache full:https://registry.npmjs.org/@babel%2fhelper-string-parser cache-miss
628 http cache https://registry.npmjs.org/browserslist 82ms (cache hit)
629 silly packumentCache full:https://registry.npmjs.org/browserslist set size:518659 disposed:false
630 silly fetch manifest @babel/helper-validator-identifier@^7.29.7
631 silly packumentCache full:https://registry.npmjs.org/@babel%2fhelper-validator-identifier cache-miss
632 http cache https://registry.npmjs.org/js-tokens 100ms (cache hit)
633 silly packumentCache full:https://registry.npmjs.org/js-tokens set size:41947 disposed:false
634 silly fetch manifest ms@^2.1.3
635 silly packumentCache full:https://registry.npmjs.org/ms cache-miss
636 http cache https://registry.npmjs.org/jsesc 101ms (cache hit)
637 silly packumentCache full:https://registry.npmjs.org/jsesc set size:61512 disposed:false
638 http cache https://registry.npmjs.org/@babel%2fhelper-validator-identifier 122ms (cache hit)
639 silly packumentCache full:https://registry.npmjs.org/@babel%2fhelper-validator-identifier set size:130133 disposed:false
640 http cache https://registry.npmjs.org/@babel%2fhelper-validator-identifier 110ms (cache hit)
641 silly packumentCache full:https://registry.npmjs.org/@babel%2fhelper-validator-identifier set size:130133 disposed:false
642 silly packumentCache full:https://registry.npmjs.org/@babel%2fhelper-validator-identifier dispose
643 http cache https://registry.npmjs.org/@babel%2fhelper-validator-option 126ms (cache hit)
644 silly packumentCache full:https://registry.npmjs.org/@babel%2fhelper-validator-option set size:101303 disposed:false
645 http cache https://registry.npmjs.org/@babel%2fhelper-module-imports 120ms (cache hit)
646 silly packumentCache full:https://registry.npmjs.org/@babel%2fhelper-module-imports set size:203392 disposed:false
647 http cache https://registry.npmjs.org/lru-cache 160ms (cache hit)
648 silly packumentCache full:https://registry.npmjs.org/lru-cache set size:460407 disposed:false
649 http cache https://registry.npmjs.org/@babel%2fhelper-globals 156ms (cache hit)
650 silly packumentCache full:https://registry.npmjs.org/@babel%2fhelper-globals set size:25155 disposed:false
651 http cache https://registry.npmjs.org/@babel%2fcompat-data 174ms (cache hit)
652 silly packumentCache full:https://registry.npmjs.org/@babel%2fcompat-data set size:318807 disposed:false
653 http cache https://registry.npmjs.org/@babel%2fhelper-validator-identifier 105ms (cache hit)
654 silly packumentCache full:https://registry.npmjs.org/@babel%2fhelper-validator-identifier set size:130133 disposed:true
655 silly packumentCache full:https://registry.npmjs.org/@babel%2fhelper-validator-identifier dispose
656 http cache https://registry.npmjs.org/ms 114ms (cache hit)
657 silly packumentCache full:https://registry.npmjs.org/ms set size:92208 disposed:false
658 http cache https://registry.npmjs.org/@babel%2fhelper-string-parser 139ms (cache hit)
659 silly packumentCache full:https://registry.npmjs.org/@babel%2fhelper-string-parser set size:91563 disposed:false
660 silly placeDep ROOT @babel/helper-validator-identifier@7.29.7 OK for: @babel/code-frame@7.29.7 want: ^7.29.7
661 silly placeDep ROOT js-tokens@4.0.0 OK for: @babel/code-frame@7.29.7 want: ^4.0.0
662 silly placeDep ROOT picocolors@1.1.1 OK for: @babel/code-frame@7.29.7 want: ^1.1.1
663 silly placeDep ROOT jsesc@3.1.0 OK for: @babel/generator@7.29.8 want: ^3.0.2
664 silly placeDep ROOT @babel/compat-data@7.29.7 OK for: @babel/helper-compilation-targets@7.29.7 want: ^7.29.7
665 silly placeDep ROOT @babel/helper-validator-option@7.29.7 OK for: @babel/helper-compilation-targets@7.29.7 want: ^7.29.7
666 silly placeDep ROOT browserslist@4.28.8 OK for: @babel/helper-compilation-targets@7.29.7 want: ^4.24.0
667 silly placeDep ROOT lru-cache@5.1.1 OK for: @babel/helper-compilation-targets@7.29.7 want: ^5.1.1
668 silly fetch manifest caniuse-lite@^1.0.30001809
669 silly packumentCache full:https://registry.npmjs.org/caniuse-lite cache-miss
670 silly fetch manifest node-releases@^2.0.53
671 silly packumentCache full:https://registry.npmjs.org/node-releases cache-miss
672 silly fetch manifest electron-to-chromium@^1.5.402
673 silly packumentCache full:https://registry.npmjs.org/electron-to-chromium cache-miss
674 silly fetch manifest update-browserslist-db@^1.3.0
675 silly packumentCache full:https://registry.npmjs.org/update-browserslist-db cache-miss
676 silly fetch manifest baseline-browser-mapping@^2.11.12
677 silly packumentCache full:https://registry.npmjs.org/baseline-browser-mapping cache-miss
678 silly fetch manifest yallist@^3.0.2
679 silly packumentCache full:https://registry.npmjs.org/yallist cache-miss
680 http cache https://registry.npmjs.org/update-browserslist-db 48ms (cache hit)
681 silly packumentCache full:https://registry.npmjs.org/update-browserslist-db set size:66683 disposed:false
682 http cache https://registry.npmjs.org/node-releases 65ms (cache hit)
683 silly packumentCache full:https://registry.npmjs.org/node-releases set size:294065 disposed:false
684 http cache https://registry.npmjs.org/yallist 68ms (cache hit)
685 silly packumentCache full:https://registry.npmjs.org/yallist set size:34610 disposed:false
686 http cache https://registry.npmjs.org/baseline-browser-mapping 112ms (cache hit)
687 silly packumentCache full:https://registry.npmjs.org/baseline-browser-mapping set size:597118 disposed:false
688 http cache https://registry.npmjs.org/caniuse-lite 161ms (cache hit)
689 silly packumentCache full:https://registry.npmjs.org/caniuse-lite set size:2311190 disposed:false
690 http cache https://registry.npmjs.org/electron-to-chromium 312ms (cache hit)
691 silly packumentCache full:https://registry.npmjs.org/electron-to-chromium set size:4899277 disposed:false
692 silly placeDep ROOT @babel/helper-module-imports@7.29.7 OK for: @babel/helper-module-transforms@7.29.7 want: ^7.29.7
693 silly placeDep ROOT @babel/helper-plugin-utils@7.29.7 OK for: @babel/plugin-transform-react-jsx-self@7.29.7 want: ^7.29.7
694 silly placeDep ROOT @babel/helper-globals@7.29.7 OK for: @babel/traverse@7.29.8 want: ^7.29.7
695 silly placeDep ROOT @babel/helper-string-parser@7.29.7 OK for: @babel/types@7.29.8 want: ^7.29.7
696 silly placeDep ROOT @types/babel__generator@7.27.0 OK for: @types/babel__core@7.20.5 want: *
697 silly placeDep ROOT @types/babel__template@7.4.4 OK for: @types/babel__core@7.20.5 want: *
698 silly placeDep ROOT @types/babel__traverse@7.28.0 OK for: @types/babel__core@7.20.5 want: *
699 silly fetch manifest browserslist@>= 4.21.0
700 silly packumentCache full:https://registry.npmjs.org/browserslist cache-hit
701 silly placeDep ROOT baseline-browser-mapping@2.11.14 OK for: browserslist@4.28.8 want: ^2.11.12
702 silly placeDep ROOT caniuse-lite@1.0.30001809 OK for: browserslist@4.28.8 want: ^1.0.30001809
703 silly placeDep ROOT electron-to-chromium@1.5.407 OK for: browserslist@4.28.8 want: ^1.5.402
704 silly placeDep ROOT node-releases@2.0.53 OK for: browserslist@4.28.8 want: ^2.0.53
705 silly placeDep ROOT update-browserslist-db@1.3.1 OK for: browserslist@4.28.8 want: ^1.3.0
706 silly fetch manifest escalade@^3.2.0
707 silly packumentCache full:https://registry.npmjs.org/escalade cache-miss
708 http cache https://registry.npmjs.org/escalade 22ms (cache hit)
709 silly packumentCache full:https://registry.npmjs.org/escalade set size:33724 disposed:false
710 silly placeDep ROOT chalk@4.1.2 OK for: concurrently@9.2.4 want: 4.1.2
711 silly placeDep ROOT rxjs@7.8.2 OK for: concurrently@9.2.4 want: 7.8.2
712 silly placeDep ROOT shell-quote@1.9.0 OK for: concurrently@9.2.4 want: 1.9.0
713 silly placeDep ROOT supports-color@8.1.1 OK for: concurrently@9.2.4 want: 8.1.1
714 silly placeDep ROOT tree-kill@1.2.2 OK for: concurrently@9.2.4 want: 1.2.2
715 silly placeDep ROOT yargs@17.7.2 OK for: concurrently@9.2.4 want: 17.7.2
716 silly fetch manifest ansi-styles@^4.1.0
717 silly packumentCache full:https://registry.npmjs.org/ansi-styles cache-miss
718 silly fetch manifest supports-color@^7.1.0
719 silly packumentCache full:https://registry.npmjs.org/supports-color cache-hit
720 silly fetch manifest tslib@^2.1.0
721 silly packumentCache full:https://registry.npmjs.org/tslib cache-miss
722 silly fetch manifest has-flag@^4.0.0
723 silly packumentCache full:https://registry.npmjs.org/has-flag cache-miss
724 silly fetch manifest y18n@^5.0.5
725 silly packumentCache full:https://registry.npmjs.org/y18n cache-miss
726 silly fetch manifest cliui@^8.0.1
727 silly packumentCache full:https://registry.npmjs.org/cliui cache-miss
728 silly fetch manifest escalade@^3.1.1
729 silly packumentCache full:https://registry.npmjs.org/escalade cache-hit
730 silly fetch manifest string-width@^4.2.3
731 silly packumentCache full:https://registry.npmjs.org/string-width cache-miss
732 silly fetch manifest yargs-parser@^21.1.1
733 silly packumentCache full:https://registry.npmjs.org/yargs-parser cache-miss
734 silly fetch manifest get-caller-file@^2.0.5
735 silly packumentCache full:https://registry.npmjs.org/get-caller-file cache-miss
736 silly fetch manifest require-directory@^2.1.1
737 silly packumentCache full:https://registry.npmjs.org/require-directory cache-miss
738 http cache https://registry.npmjs.org/ansi-styles 74ms (cache hit)
739 silly packumentCache full:https://registry.npmjs.org/ansi-styles set size:71772 disposed:false
740 http cache https://registry.npmjs.org/has-flag 78ms (cache hit)
741 silly packumentCache full:https://registry.npmjs.org/has-flag set size:15180 disposed:false
742 http cache https://registry.npmjs.org/y18n 81ms (cache hit)
743 silly packumentCache full:https://registry.npmjs.org/y18n set size:76155 disposed:false
744 http cache https://registry.npmjs.org/tslib 86ms (cache hit)
745 silly packumentCache full:https://registry.npmjs.org/tslib set size:108843 disposed:false
746 http cache https://registry.npmjs.org/string-width 88ms (cache hit)
747 silly packumentCache full:https://registry.npmjs.org/string-width set size:72458 disposed:false
748 http cache https://registry.npmjs.org/get-caller-file 92ms (cache hit)
749 silly packumentCache full:https://registry.npmjs.org/get-caller-file set size:26456 disposed:false
750 http cache https://registry.npmjs.org/cliui 97ms (cache hit)
751 silly packumentCache full:https://registry.npmjs.org/cliui set size:69089 disposed:false
752 http cache https://registry.npmjs.org/require-directory 99ms (cache hit)
753 silly packumentCache full:https://registry.npmjs.org/require-directory set size:26866 disposed:false
754 http cache https://registry.npmjs.org/yargs-parser 103ms (cache hit)
755 silly packumentCache full:https://registry.npmjs.org/yargs-parser set size:238630 disposed:false
756 silly placeDep ROOT ansi-styles@4.3.0 OK for: chalk@4.1.2 want: ^4.1.0
757 silly placeDep node_modules/chalk supports-color@7.2.0 OK for: chalk@4.1.2 want: ^7.1.0
758 silly fetch manifest color-convert@^2.0.1
759 silly packumentCache full:https://registry.npmjs.org/color-convert cache-miss
760 http cache https://registry.npmjs.org/color-convert 36ms (cache hit)
761 silly packumentCache full:https://registry.npmjs.org/color-convert set size:72663 disposed:false
762 silly placeDep ROOT color-convert@2.0.1 OK for: ansi-styles@4.3.0 want: ^2.0.1
763 silly fetch manifest color-name@~1.1.4
764 silly packumentCache full:https://registry.npmjs.org/color-name cache-miss
765 http cache https://registry.npmjs.org/color-name 44ms (cache hit)
766 silly packumentCache full:https://registry.npmjs.org/color-name set size:20968 disposed:false
767 silly placeDep ROOT color-name@1.1.4 OK for: color-convert@2.0.1 want: ~1.1.4
768 silly placeDep ROOT object-assign@4.1.1 OK for: cors@2.8.6 want: ^4
769 silly placeDep ROOT vary@1.1.2 OK for: cors@2.8.6 want: ^1
770 silly placeDep ROOT ms@2.1.3 OK for: debug@4.4.3 want: ^2.1.3
771 silly placeDep ROOT graceful-fs@4.2.11 OK for: enhanced-resolve@5.24.5 want: ^4.2.4
772 silly placeDep ROOT tapable@2.3.3 OK for: enhanced-resolve@5.24.5 want: ^2.3.3
773 silly placeDep ROOT accepts@2.0.0 OK for: express@5.2.1 want: ^2.0.0
774 silly placeDep ROOT body-parser@2.3.0 OK for: express@5.2.1 want: ^2.2.1
775 silly placeDep ROOT content-disposition@1.1.0 OK for: express@5.2.1 want: ^1.0.0
776 silly placeDep ROOT content-type@1.0.5 OK for: express@5.2.1 want: ^1.0.5
777 silly placeDep ROOT cookie@0.7.2 OK for: express@5.2.1 want: ^0.7.1
778 silly placeDep ROOT cookie-signature@1.2.2 OK for: express@5.2.1 want: ^1.2.1
779 silly placeDep ROOT depd@2.0.0 OK for: express@5.2.1 want: ^2.0.0
780 silly placeDep ROOT encodeurl@2.0.0 OK for: express@5.2.1 want: ^2.0.0
781 silly placeDep ROOT escape-html@1.0.3 OK for: express@5.2.1 want: ^1.0.3
782 silly placeDep ROOT etag@1.8.1 OK for: express@5.2.1 want: ^1.8.1
783 silly placeDep ROOT finalhandler@2.1.1 OK for: express@5.2.1 want: ^2.1.0
784 silly placeDep ROOT fresh@2.0.0 OK for: express@5.2.1 want: ^2.0.0
785 silly placeDep ROOT http-errors@2.0.1 OK for: express@5.2.1 want: ^2.0.0
786 silly placeDep ROOT merge-descriptors@2.0.0 OK for: express@5.2.1 want: ^2.0.0
787 silly placeDep ROOT mime-types@3.0.2 OK for: express@5.2.1 want: ^3.0.0
788 silly placeDep ROOT on-finished@2.4.1 OK for: express@5.2.1 want: ^2.4.1
789 silly placeDep ROOT once@1.4.0 OK for: express@5.2.1 want: ^1.4.0
790 silly placeDep ROOT parseurl@1.3.3 OK for: express@5.2.1 want: ^1.3.3
791 silly placeDep ROOT proxy-addr@2.0.7 OK for: express@5.2.1 want: ^2.0.7
792 silly placeDep ROOT qs@6.15.3 OK for: express@5.2.1 want: ^6.14.0
793 silly placeDep ROOT range-parser@1.3.0 OK for: express@5.2.1 want: ^1.2.1
794 silly placeDep ROOT router@2.2.0 OK for: express@5.2.1 want: ^2.2.0
795 silly placeDep ROOT send@1.2.1 OK for: express@5.2.1 want: ^1.1.0
796 silly placeDep ROOT serve-static@2.2.1 OK for: express@5.2.1 want: ^2.2.0
797 silly placeDep ROOT statuses@2.0.2 OK for: express@5.2.1 want: ^2.0.1
798 silly placeDep ROOT type-is@2.1.0 OK for: express@5.2.1 want: ^2.0.1
799 silly fetch manifest negotiator@^1.0.0
800 silly packumentCache full:https://registry.npmjs.org/negotiator cache-miss
801 silly fetch manifest qs@^6.15.2
802 silly packumentCache full:https://registry.npmjs.org/qs cache-hit
803 silly fetch manifest bytes@^3.1.2
804 silly packumentCache full:https://registry.npmjs.org/bytes cache-miss
805 silly fetch manifest type-is@^2.1.0
806 silly packumentCache full:https://registry.npmjs.org/type-is cache-hit
807 silly fetch manifest raw-body@^3.0.2
808 silly packumentCache full:https://registry.npmjs.org/raw-body cache-miss
809 silly fetch manifest iconv-lite@^0.7.2
810 silly packumentCache full:https://registry.npmjs.org/iconv-lite cache-miss
811 silly fetch manifest http-errors@^2.0.1
812 silly packumentCache full:https://registry.npmjs.org/http-errors cache-hit
813 silly fetch manifest content-type@^2.0.0
814 silly packumentCache full:https://registry.npmjs.org/content-type cache-hit
815 silly fetch manifest inherits@~2.0.4
816 silly packumentCache full:https://registry.npmjs.org/inherits cache-miss
817 silly fetch manifest setprototypeof@~1.2.0
818 silly packumentCache full:https://registry.npmjs.org/setprototypeof cache-miss
819 silly fetch manifest statuses@~2.0.2
820 silly packumentCache full:https://registry.npmjs.org/statuses cache-hit
821 silly fetch manifest toidentifier@~1.0.1
822 silly packumentCache full:https://registry.npmjs.org/toidentifier cache-miss
823 silly fetch manifest mime-db@^1.54.0
824 silly packumentCache full:https://registry.npmjs.org/mime-db cache-miss
825 silly fetch manifest ee-first@1.1.1
826 silly packumentCache full:https://registry.npmjs.org/ee-first cache-miss
827 silly fetch manifest wrappy@1
828 silly packumentCache full:https://registry.npmjs.org/wrappy cache-miss
829 silly fetch manifest forwarded@0.2.0
830 silly packumentCache full:https://registry.npmjs.org/forwarded cache-miss
831 http cache https://registry.npmjs.org/inherits 64ms (cache hit)
832 silly packumentCache full:https://registry.npmjs.org/inherits set size:12925 disposed:false
833 silly fetch manifest ipaddr.js@1.9.1
834 silly packumentCache full:https://registry.npmjs.org/ipaddr.js cache-miss
835 http cache https://registry.npmjs.org/bytes 75ms (cache hit)
836 silly packumentCache full:https://registry.npmjs.org/bytes set size:37018 disposed:false
837 silly fetch manifest side-channel@^1.1.1
838 silly packumentCache full:https://registry.npmjs.org/side-channel cache-miss
839 http cache https://registry.npmjs.org/negotiator 89ms (cache hit)
840 silly packumentCache full:https://registry.npmjs.org/negotiator set size:48046 disposed:false
841 silly fetch manifest es-define-property@^1.0.1
842 silly packumentCache full:https://registry.npmjs.org/es-define-property cache-miss
843 http cache https://registry.npmjs.org/setprototypeof 86ms (cache hit)
844 silly packumentCache full:https://registry.npmjs.org/setprototypeof set size:14532 disposed:false
845 silly fetch manifest is-promise@^4.0.0
846 silly packumentCache full:https://registry.npmjs.org/is-promise cache-miss
847 http cache https://registry.npmjs.org/wrappy 86ms (cache hit)
848 silly packumentCache full:https://registry.npmjs.org/wrappy set size:7682 disposed:false
849 silly fetch manifest path-to-regexp@^8.0.0
850 silly packumentCache full:https://registry.npmjs.org/path-to-regexp cache-miss
851 http cache https://registry.npmjs.org/raw-body 102ms (cache hit)
852 silly packumentCache full:https://registry.npmjs.org/raw-body set size:120042 disposed:false
853 silly fetch manifest statuses@^2.0.2
854 silly packumentCache full:https://registry.npmjs.org/statuses cache-hit
855 silly fetch manifest media-typer@^1.1.0
856 silly packumentCache full:https://registry.npmjs.org/media-typer cache-miss
857 http cache https://registry.npmjs.org/iconv-lite 112ms (cache hit)
858 silly packumentCache full:https://registry.npmjs.org/iconv-lite set size:126462 disposed:false
859 http cache https://registry.npmjs.org/mime-db 109ms (cache hit)
860 silly packumentCache full:https://registry.npmjs.org/mime-db set size:164953 disposed:false
861 http cache https://registry.npmjs.org/toidentifier 115ms (cache hit)
862 silly packumentCache full:https://registry.npmjs.org/toidentifier set size:12006 disposed:false
863 http cache https://registry.npmjs.org/ee-first 116ms (cache hit)
864 silly packumentCache full:https://registry.npmjs.org/ee-first set size:15327 disposed:false
865 http cache https://registry.npmjs.org/forwarded 114ms (cache hit)
866 silly packumentCache full:https://registry.npmjs.org/forwarded set size:11229 disposed:false
867 http cache https://registry.npmjs.org/es-define-property 64ms (cache hit)
868 silly packumentCache full:https://registry.npmjs.org/es-define-property set size:8542 disposed:false
869 http cache https://registry.npmjs.org/side-channel 89ms (cache hit)
870 silly packumentCache full:https://registry.npmjs.org/side-channel set size:27650 disposed:false
871 http cache https://registry.npmjs.org/ipaddr.js 98ms (cache hit)
872 silly packumentCache full:https://registry.npmjs.org/ipaddr.js set size:84329 disposed:false
873 http cache https://registry.npmjs.org/is-promise 78ms (cache hit)
874 silly packumentCache full:https://registry.npmjs.org/is-promise set size:18599 disposed:false
875 http cache https://registry.npmjs.org/media-typer 68ms (cache hit)
876 silly packumentCache full:https://registry.npmjs.org/media-typer set size:22074 disposed:false
877 http cache https://registry.npmjs.org/path-to-regexp 81ms (cache hit)
878 silly packumentCache full:https://registry.npmjs.org/path-to-regexp set size:216334 disposed:false
879 silly placeDep ROOT negotiator@1.0.0 OK for: accepts@2.0.0 want: ^1.0.0
880 silly placeDep ROOT bytes@3.1.2 OK for: body-parser@2.3.0 want: ^3.1.2
881 silly placeDep node_modules/body-parser content-type@2.1.0 OK for: body-parser@2.3.0 want: ^2.0.0
882 silly placeDep ROOT iconv-lite@0.7.3 OK for: body-parser@2.3.0 want: ^0.7.2
883 silly placeDep ROOT raw-body@3.0.2 OK for: body-parser@2.3.0 want: ^3.0.2
884 silly fetch manifest safer-buffer@>= 2.1.2 < 3.0.0
885 silly packumentCache full:https://registry.npmjs.org/safer-buffer cache-miss
886 silly fetch manifest unpipe@~1.0.0
887 silly packumentCache full:https://registry.npmjs.org/unpipe cache-miss
888 http cache https://registry.npmjs.org/safer-buffer 37ms (cache hit)
889 silly packumentCache full:https://registry.npmjs.org/safer-buffer set size:18521 disposed:false
890 http cache https://registry.npmjs.org/unpipe 39ms (cache hit)
891 silly packumentCache full:https://registry.npmjs.org/unpipe set size:3609 disposed:false
892 silly placeDep ROOT inherits@2.0.4 OK for: http-errors@2.0.1 want: ~2.0.4
893 silly placeDep ROOT setprototypeof@1.2.0 OK for: http-errors@2.0.1 want: ~1.2.0
894 silly placeDep ROOT toidentifier@1.0.1 OK for: http-errors@2.0.1 want: ~1.0.1
895 silly placeDep ROOT safer-buffer@2.1.2 OK for: iconv-lite@0.7.3 want: >= 2.1.2 < 3.0.0
896 silly placeDep ROOT detect-libc@2.1.2 OK for: lightningcss@1.32.0 want: ^2.0.3
897 silly placeDep ROOT lightningcss-android-arm64@1.32.0 OK for: lightningcss@1.32.0 want: 1.32.0
898 silly placeDep ROOT lightningcss-darwin-arm64@1.32.0 OK for: lightningcss@1.32.0 want: 1.32.0
899 silly placeDep ROOT lightningcss-darwin-x64@1.32.0 OK for: lightningcss@1.32.0 want: 1.32.0
900 silly placeDep ROOT lightningcss-freebsd-x64@1.32.0 OK for: lightningcss@1.32.0 want: 1.32.0
901 silly placeDep ROOT lightningcss-linux-arm-gnueabihf@1.32.0 OK for: lightningcss@1.32.0 want: 1.32.0
902 silly placeDep ROOT lightningcss-linux-arm64-gnu@1.32.0 OK for: lightningcss@1.32.0 want: 1.32.0
903 silly placeDep ROOT lightningcss-linux-arm64-musl@1.32.0 OK for: lightningcss@1.32.0 want: 1.32.0
904 silly placeDep ROOT lightningcss-linux-x64-gnu@1.32.0 OK for: lightningcss@1.32.0 want: 1.32.0
905 silly placeDep ROOT lightningcss-linux-x64-musl@1.32.0 OK for: lightningcss@1.32.0 want: 1.32.0
906 silly placeDep ROOT lightningcss-win32-arm64-msvc@1.32.0 OK for: lightningcss@1.32.0 want: 1.32.0
907 silly placeDep ROOT lightningcss-win32-x64-msvc@1.32.0 OK for: lightningcss@1.32.0 want: 1.32.0
908 silly placeDep ROOT yallist@3.1.1 OK for: lru-cache@5.1.1 want: ^3.0.2
909 silly placeDep ROOT mime-db@1.54.0 OK for: mime-types@3.0.2 want: ^1.54.0
910 silly placeDep ROOT ee-first@1.1.1 OK for: on-finished@2.4.1 want: 1.1.1
911 silly placeDep ROOT wrappy@1.0.2 OK for: once@1.4.0 want: 1
912 silly placeDep ROOT forwarded@0.2.0 OK for: proxy-addr@2.0.7 want: 0.2.0
913 silly placeDep ROOT ipaddr.js@1.9.1 OK for: proxy-addr@2.0.7 want: 1.9.1
914 silly placeDep ROOT es-define-property@1.0.1 OK for: qs@6.15.3 want: ^1.0.1
915 silly placeDep ROOT side-channel@1.1.1 OK for: qs@6.15.3 want: ^1.1.1
916 silly fetch manifest es-errors@^1.3.0
917 silly packumentCache full:https://registry.npmjs.org/es-errors cache-miss
918 silly fetch manifest object-inspect@^1.13.4
919 silly packumentCache full:https://registry.npmjs.org/object-inspect cache-miss
920 silly fetch manifest side-channel-list@^1.0.1
921 silly packumentCache full:https://registry.npmjs.org/side-channel-list cache-miss
922 silly fetch manifest side-channel-map@^1.0.1
923 silly packumentCache full:https://registry.npmjs.org/side-channel-map cache-miss
924 silly fetch manifest side-channel-weakmap@^1.0.2
925 silly packumentCache full:https://registry.npmjs.org/side-channel-weakmap cache-miss
926 http cache https://registry.npmjs.org/side-channel-list 34ms (cache hit)
927 silly packumentCache full:https://registry.npmjs.org/side-channel-list set size:9021 disposed:false
928 http cache https://registry.npmjs.org/es-errors 37ms (cache hit)
929 silly packumentCache full:https://registry.npmjs.org/es-errors set size:16918 disposed:false
930 http cache https://registry.npmjs.org/side-channel-map 40ms (cache hit)
931 silly packumentCache full:https://registry.npmjs.org/side-channel-map set size:9126 disposed:false
932 http cache https://registry.npmjs.org/side-channel-weakmap 46ms (cache hit)
933 silly packumentCache full:https://registry.npmjs.org/side-channel-weakmap set size:12620 disposed:false
934 http cache https://registry.npmjs.org/object-inspect 51ms (cache hit)
935 silly packumentCache full:https://registry.npmjs.org/object-inspect set size:101927 disposed:false
936 silly placeDep ROOT unpipe@1.0.0 OK for: raw-body@3.0.2 want: ~1.0.0
937 silly placeDep ROOT scheduler@0.27.0 OK for: react-dom@19.2.8 want: ^0.27.0
938 silly fetch manifest react@>=18
939 silly packumentCache full:https://registry.npmjs.org/react cache-miss
940 http cache https://registry.npmjs.org/react 46ms (cache hit)
941 silly packumentCache full:https://registry.npmjs.org/react set size:6897881 disposed:false
942 silly fetch manifest react-dom@>=18
943 silly packumentCache full:https://registry.npmjs.org/react-dom cache-miss
944 http cache https://registry.npmjs.org/react-dom 49ms (cache hit)
945 silly packumentCache full:https://registry.npmjs.org/react-dom set size:9267760 disposed:false
946 silly placeDep ROOT react-router@7.18.2 OK for: react-router-dom@7.18.2 want: 7.18.2
947 silly fetch manifest cookie@^1.0.1
948 silly packumentCache full:https://registry.npmjs.org/cookie cache-hit
949 silly fetch manifest set-cookie-parser@^2.6.0
950 silly packumentCache full:https://registry.npmjs.org/set-cookie-parser cache-miss
951 http cache https://registry.npmjs.org/set-cookie-parser 38ms (cache hit)
952 silly packumentCache full:https://registry.npmjs.org/set-cookie-parser set size:78186 disposed:false
953 silly placeDep node_modules/react-router cookie@1.1.1 OK for: react-router@7.18.2 want: ^1.0.1
954 silly placeDep ROOT set-cookie-parser@2.7.2 OK for: react-router@7.18.2 want: ^2.6.0
955 silly placeDep ROOT is-promise@4.0.0 OK for: router@2.2.0 want: ^4.0.0
956 silly placeDep ROOT path-to-regexp@8.4.2 OK for: router@2.2.0 want: ^8.0.0
957 silly placeDep ROOT tslib@2.8.1 OK for: rxjs@7.8.2 want: ^2.1.0
958 silly placeDep ROOT es-errors@1.3.0 OK for: side-channel@1.1.1 want: ^1.3.0
959 silly placeDep ROOT object-inspect@1.13.4 OK for: side-channel@1.1.1 want: ^1.13.4
960 silly placeDep ROOT side-channel-list@1.0.1 OK for: side-channel@1.1.1 want: ^1.0.1
961 silly placeDep ROOT side-channel-map@1.0.1 OK for: side-channel@1.1.1 want: ^1.0.1
962 silly placeDep ROOT side-channel-weakmap@1.0.2 OK for: side-channel@1.1.1 want: ^1.0.2
963 silly fetch manifest call-bound@^1.0.2
964 silly packumentCache full:https://registry.npmjs.org/call-bound cache-miss
965 silly fetch manifest get-intrinsic@^1.2.5
966 silly packumentCache full:https://registry.npmjs.org/get-intrinsic cache-miss
967 silly fetch manifest call-bound@^1.0.2
968 silly packumentCache full:https://registry.npmjs.org/call-bound cache-miss
969 silly fetch manifest get-intrinsic@^1.2.5
970 silly packumentCache full:https://registry.npmjs.org/get-intrinsic cache-miss
971 http cache https://registry.npmjs.org/get-intrinsic 97ms (cache hit)
972 silly packumentCache full:https://registry.npmjs.org/get-intrinsic set size:60985 disposed:false
973 http cache https://registry.npmjs.org/get-intrinsic 103ms (cache hit)
974 silly packumentCache full:https://registry.npmjs.org/get-intrinsic set size:60985 disposed:false
975 silly packumentCache full:https://registry.npmjs.org/get-intrinsic dispose
976 http cache https://registry.npmjs.org/call-bound 109ms (cache hit)
977 silly packumentCache full:https://registry.npmjs.org/call-bound set size:15317 disposed:false
978 http fetch GET 200 https://registry.npmjs.org/call-bound 1092ms (cache miss)
979 silly packumentCache full:https://registry.npmjs.org/call-bound set size:undefined disposed:false
980 silly packumentCache full:https://registry.npmjs.org/call-bound dispose
981 silly placeDep ROOT call-bound@1.0.4 OK for: side-channel-map@1.0.1 want: ^1.0.2
982 silly placeDep ROOT get-intrinsic@1.3.0 OK for: side-channel-map@1.0.1 want: ^1.2.5
983 silly fetch manifest call-bind-apply-helpers@^1.0.2
984 silly packumentCache full:https://registry.npmjs.org/call-bind-apply-helpers cache-miss
985 silly fetch manifest get-intrinsic@^1.3.0
986 silly packumentCache full:https://registry.npmjs.org/get-intrinsic cache-hit
987 silly fetch manifest gopd@^1.2.0
988 silly packumentCache full:https://registry.npmjs.org/gopd cache-miss
989 silly fetch manifest hasown@^2.0.2
990 silly packumentCache full:https://registry.npmjs.org/hasown cache-miss
991 silly fetch manifest get-proto@^1.0.1
992 silly packumentCache full:https://registry.npmjs.org/get-proto cache-miss
993 silly fetch manifest has-symbols@^1.1.0
994 silly packumentCache full:https://registry.npmjs.org/has-symbols cache-miss
995 silly fetch manifest function-bind@^1.1.2
996 silly packumentCache full:https://registry.npmjs.org/function-bind cache-miss
997 silly fetch manifest es-object-atoms@^1.1.1
998 silly packumentCache full:https://registry.npmjs.org/es-object-atoms cache-miss
999 silly fetch manifest math-intrinsics@^1.1.0
1000 silly packumentCache full:https://registry.npmjs.org/math-intrinsics cache-miss
1001 silly fetch manifest call-bind-apply-helpers@^1.0.2
1002 silly packumentCache full:https://registry.npmjs.org/call-bind-apply-helpers cache-miss
1003 http cache https://registry.npmjs.org/gopd 66ms (cache hit)
1004 silly packumentCache full:https://registry.npmjs.org/gopd set size:11483 disposed:false
1005 http cache https://registry.npmjs.org/hasown 67ms (cache hit)
1006 silly packumentCache full:https://registry.npmjs.org/hasown set size:18361 disposed:false
1007 http cache https://registry.npmjs.org/call-bind-apply-helpers 73ms (cache hit)
1008 silly packumentCache full:https://registry.npmjs.org/call-bind-apply-helpers set size:12744 disposed:false
1009 http cache https://registry.npmjs.org/call-bind-apply-helpers 68ms (cache hit)
1010 silly packumentCache full:https://registry.npmjs.org/call-bind-apply-helpers set size:12744 disposed:false
1011 silly packumentCache full:https://registry.npmjs.org/call-bind-apply-helpers dispose
1012 http cache https://registry.npmjs.org/es-object-atoms 71ms (cache hit)
1013 silly packumentCache full:https://registry.npmjs.org/es-object-atoms set size:18278 disposed:false
1014 http cache https://registry.npmjs.org/get-proto 76ms (cache hit)
1015 silly packumentCache full:https://registry.npmjs.org/get-proto set size:8300 disposed:false
1016 http cache https://registry.npmjs.org/math-intrinsics 77ms (cache hit)
1017 silly packumentCache full:https://registry.npmjs.org/math-intrinsics set size:9265 disposed:false
1018 http cache https://registry.npmjs.org/has-symbols 82ms (cache hit)
1019 silly packumentCache full:https://registry.npmjs.org/has-symbols set size:21550 disposed:false
1020 http cache https://registry.npmjs.org/function-bind 94ms (cache hit)
1021 silly packumentCache full:https://registry.npmjs.org/function-bind set size:15733 disposed:false
1022 silly placeDep ROOT call-bind-apply-helpers@1.0.2 OK for: call-bound@1.0.4 want: ^1.0.2
1023 silly placeDep ROOT function-bind@1.1.2 OK for: call-bind-apply-helpers@1.0.2 want: ^1.1.2
1024 silly placeDep ROOT es-object-atoms@1.1.2 OK for: get-intrinsic@1.3.0 want: ^1.1.1
1025 silly placeDep ROOT get-proto@1.0.1 OK for: get-intrinsic@1.3.0 want: ^1.0.1
1026 silly placeDep ROOT gopd@1.2.0 OK for: get-intrinsic@1.3.0 want: ^1.2.0
1027 silly placeDep ROOT has-symbols@1.1.0 OK for: get-intrinsic@1.3.0 want: ^1.1.0
1028 silly placeDep ROOT hasown@2.0.4 OK for: get-intrinsic@1.3.0 want: ^2.0.2
1029 silly placeDep ROOT math-intrinsics@1.1.0 OK for: get-intrinsic@1.3.0 want: ^1.1.0
1030 silly fetch manifest dunder-proto@^1.0.1
1031 silly packumentCache full:https://registry.npmjs.org/dunder-proto cache-miss
1032 http cache https://registry.npmjs.org/dunder-proto 32ms (cache hit)
1033 silly packumentCache full:https://registry.npmjs.org/dunder-proto set size:8256 disposed:false
1034 silly placeDep ROOT dunder-proto@1.0.1 OK for: get-proto@1.0.1 want: ^1.0.1
1035 silly placeDep ROOT has-flag@4.0.0 OK for: supports-color@8.1.1 want: ^4.0.0
1036 silly placeDep node_modules/type-is content-type@2.1.0 OK for: type-is@2.1.0 want: ^2.0.0
1037 silly placeDep ROOT media-typer@1.1.1 OK for: type-is@2.1.0 want: ^1.1.0
1038 silly placeDep ROOT escalade@3.2.0 OK for: update-browserslist-db@1.3.1 want: ^3.2.0
1039 silly placeDep ROOT esbuild@0.28.2 OK for: vite@7.3.6 want: ^0.27.0 || ^0.28.0
1040 silly placeDep ROOT fdir@6.5.0 OK for: vite@7.3.6 want: ^6.5.0
1041 silly placeDep ROOT fsevents@2.3.3 OK for: vite@7.3.6 want: ~2.3.3
1042 silly placeDep ROOT picomatch@4.0.5 OK for: vite@7.3.6 want: ^4.0.3
1043 silly placeDep ROOT postcss@8.5.26 OK for: vite@7.3.6 want: ^8.5.6
1044 silly placeDep ROOT rollup@4.62.4 OK for: vite@7.3.6 want: ^4.43.0
1045 silly placeDep ROOT tinyglobby@0.2.17 OK for: vite@7.3.6 want: ^0.2.15
1046 silly fetch manifest @esbuild/aix-ppc64@0.28.2
1047 silly packumentCache full:https://registry.npmjs.org/@esbuild%2faix-ppc64 cache-miss
1048 silly fetch manifest @esbuild/linux-arm@0.28.2
1049 silly packumentCache full:https://registry.npmjs.org/@esbuild%2flinux-arm cache-miss
1050 silly fetch manifest @esbuild/linux-x64@0.28.2
1051 silly packumentCache full:https://registry.npmjs.org/@esbuild%2flinux-x64 cache-miss
1052 silly fetch manifest @esbuild/sunos-x64@0.28.2
1053 silly packumentCache full:https://registry.npmjs.org/@esbuild%2fsunos-x64 cache-miss
1054 silly fetch manifest @esbuild/win32-x64@0.28.2
1055 silly packumentCache full:https://registry.npmjs.org/@esbuild%2fwin32-x64 cache-miss
1056 silly fetch manifest @esbuild/darwin-x64@0.28.2
1057 silly packumentCache full:https://registry.npmjs.org/@esbuild%2fdarwin-x64 cache-miss
1058 silly fetch manifest @esbuild/linux-ia32@0.28.2
1059 silly packumentCache full:https://registry.npmjs.org/@esbuild%2flinux-ia32 cache-miss
1060 silly fetch manifest @esbuild/netbsd-x64@0.28.2
1061 silly packumentCache full:https://registry.npmjs.org/@esbuild%2fnetbsd-x64 cache-miss
1062 silly fetch manifest @esbuild/win32-ia32@0.28.2
1063 silly packumentCache full:https://registry.npmjs.org/@esbuild%2fwin32-ia32 cache-miss
1064 silly fetch manifest @esbuild/android-arm@0.28.2
1065 silly packumentCache full:https://registry.npmjs.org/@esbuild%2fandroid-arm cache-miss
1066 silly fetch manifest @esbuild/android-x64@0.28.2
1067 silly packumentCache full:https://registry.npmjs.org/@esbuild%2fandroid-x64 cache-miss
1068 http cache https://registry.npmjs.org/@esbuild%2faix-ppc64 88ms (cache hit)
1069 silly packumentCache full:https://registry.npmjs.org/@esbuild%2faix-ppc64 set size:67797 disposed:false
1070 silly fetch manifest @esbuild/freebsd-x64@0.28.2
1071 silly packumentCache full:https://registry.npmjs.org/@esbuild%2ffreebsd-x64 cache-miss
1072 http cache https://registry.npmjs.org/@esbuild%2flinux-arm 92ms (cache hit)
1073 silly packumentCache full:https://registry.npmjs.org/@esbuild%2flinux-arm set size:198596 disposed:false
1074 silly fetch manifest @esbuild/linux-arm64@0.28.2
1075 silly packumentCache full:https://registry.npmjs.org/@esbuild%2flinux-arm64 cache-miss
1076 http cache https://registry.npmjs.org/@esbuild%2fsunos-x64 98ms (cache hit)
1077 silly packumentCache full:https://registry.npmjs.org/@esbuild%2fsunos-x64 set size:199187 disposed:false
1078 silly fetch manifest @esbuild/linux-ppc64@0.28.2
1079 silly packumentCache full:https://registry.npmjs.org/@esbuild%2flinux-ppc64 cache-miss
1080 http cache https://registry.npmjs.org/@esbuild%2flinux-ia32 105ms (cache hit)
1081 silly packumentCache full:https://registry.npmjs.org/@esbuild%2flinux-ia32 set size:199625 disposed:false
1082 silly fetch manifest @esbuild/linux-s390x@0.28.2
1083 silly packumentCache full:https://registry.npmjs.org/@esbuild%2flinux-s390x cache-miss
1084 http cache https://registry.npmjs.org/@esbuild%2flinux-x64 115ms (cache hit)
1085 silly packumentCache full:https://registry.npmjs.org/@esbuild%2flinux-x64 set size:198942 disposed:false
1086 silly fetch manifest @esbuild/openbsd-x64@0.28.2
1087 silly packumentCache full:https://registry.npmjs.org/@esbuild%2fopenbsd-x64 cache-miss
1088 http cache https://registry.npmjs.org/@esbuild%2fnetbsd-x64 120ms (cache hit)
1089 silly packumentCache full:https://registry.npmjs.org/@esbuild%2fnetbsd-x64 set size:197314 disposed:false
1090 silly fetch manifest @esbuild/win32-arm64@0.28.2
1091 silly packumentCache full:https://registry.npmjs.org/@esbuild%2fwin32-arm64 cache-miss
1092 http cache https://registry.npmjs.org/@esbuild%2fwin32-x64 127ms (cache hit)
1093 silly packumentCache full:https://registry.npmjs.org/@esbuild%2fwin32-x64 set size:197540 disposed:false
1094 silly fetch manifest @esbuild/darwin-arm64@0.28.2
1095 silly packumentCache full:https://registry.npmjs.org/@esbuild%2fdarwin-arm64 cache-miss
1096 http cache https://registry.npmjs.org/@esbuild%2fdarwin-x64 136ms (cache hit)
1097 silly packumentCache full:https://registry.npmjs.org/@esbuild%2fdarwin-x64 set size:199670 disposed:false
1098 silly fetch manifest @esbuild/netbsd-arm64@0.28.2
1099 silly packumentCache full:https://registry.npmjs.org/@esbuild%2fnetbsd-arm64 cache-miss
1100 http cache https://registry.npmjs.org/@esbuild%2fandroid-arm 147ms (cache hit)
1101 silly packumentCache full:https://registry.npmjs.org/@esbuild%2fandroid-arm set size:225217 disposed:false
1102 silly fetch manifest @esbuild/android-arm64@0.28.2
1103 silly packumentCache full:https://registry.npmjs.org/@esbuild%2fandroid-arm64 cache-miss
1104 http cache https://registry.npmjs.org/@esbuild%2fwin32-ia32 164ms (cache hit)
1105 silly packumentCache full:https://registry.npmjs.org/@esbuild%2fwin32-ia32 set size:199854 disposed:false
1106 silly fetch manifest @esbuild/freebsd-arm64@0.28.2
1107 silly packumentCache full:https://registry.npmjs.org/@esbuild%2ffreebsd-arm64 cache-miss
1108 http cache https://registry.npmjs.org/@esbuild%2fandroid-x64 169ms (cache hit)
1109 silly packumentCache full:https://registry.npmjs.org/@esbuild%2fandroid-x64 set size:199017 disposed:false
1110 silly fetch manifest @esbuild/linux-loong64@0.28.2
1111 silly packumentCache full:https://registry.npmjs.org/@esbuild%2flinux-loong64 cache-miss
1112 http cache https://registry.npmjs.org/@esbuild%2ffreebsd-x64 131ms (cache hit)
1113 silly packumentCache full:https://registry.npmjs.org/@esbuild%2ffreebsd-x64 set size:200565 disposed:false
1114 silly fetch manifest @esbuild/linux-riscv64@0.28.2
1115 silly packumentCache full:https://registry.npmjs.org/@esbuild%2flinux-riscv64 cache-miss
1116 http cache https://registry.npmjs.org/@esbuild%2flinux-arm64 131ms (cache hit)
1117 silly packumentCache full:https://registry.npmjs.org/@esbuild%2flinux-arm64 set size:200773 disposed:false
1118 silly fetch manifest @esbuild/openbsd-arm64@0.28.2
1119 silly packumentCache full:https://registry.npmjs.org/@esbuild%2fopenbsd-arm64 cache-miss
1120 http cache https://registry.npmjs.org/@esbuild%2flinux-ppc64 132ms (cache hit)
1121 silly packumentCache full:https://registry.npmjs.org/@esbuild%2flinux-ppc64 set size:202845 disposed:false
1122 silly fetch manifest @esbuild/linux-mips64el@0.28.2
1123 silly packumentCache full:https://registry.npmjs.org/@esbuild%2flinux-mips64el cache-miss
1124 http cache https://registry.npmjs.org/@esbuild%2flinux-s390x 129ms (cache hit)
1125 silly packumentCache full:https://registry.npmjs.org/@esbuild%2flinux-s390x set size:202310 disposed:false
1126 silly fetch manifest @esbuild/openharmony-arm64@0.28.2
1127 silly packumentCache full:https://registry.npmjs.org/@esbuild%2fopenharmony-arm64 cache-miss
1128 http cache https://registry.npmjs.org/@esbuild%2fwin32-arm64 123ms (cache hit)
1129 silly packumentCache full:https://registry.npmjs.org/@esbuild%2fwin32-arm64 set size:201005 disposed:false
1130 silly fetch manifest nanoid@^3.3.17
1131 silly packumentCache full:https://registry.npmjs.org/nanoid cache-miss
1132 http cache https://registry.npmjs.org/@esbuild%2fopenbsd-x64 138ms (cache hit)
1133 silly packumentCache full:https://registry.npmjs.org/@esbuild%2fopenbsd-x64 set size:200576 disposed:false
1134 silly fetch manifest @types/estree@1.0.9
1135 silly packumentCache full:https://registry.npmjs.org/@types%2festree cache-miss
1136 http cache https://registry.npmjs.org/@esbuild%2fnetbsd-arm64 132ms (cache hit)
1137 silly packumentCache full:https://registry.npmjs.org/@esbuild%2fnetbsd-arm64 set size:44308 disposed:false
1138 silly fetch manifest @rollup/rollup-darwin-x64@4.62.4
1139 silly packumentCache full:https://registry.npmjs.org/@rollup%2frollup-darwin-x64 cache-miss
1140 http cache https://registry.npmjs.org/@esbuild%2fdarwin-arm64 151ms (cache hit)
1141 silly packumentCache full:https://registry.npmjs.org/@esbuild%2fdarwin-arm64 set size:201471 disposed:false
1142 silly fetch manifest @rollup/rollup-freebsd-x64@4.62.4
1143 silly packumentCache full:https://registry.npmjs.org/@rollup%2frollup-freebsd-x64 cache-miss
1144 http cache https://registry.npmjs.org/@esbuild%2fandroid-arm64 139ms (cache hit)
1145 silly packumentCache full:https://registry.npmjs.org/@esbuild%2fandroid-arm64 set size:204216 disposed:false
1146 silly fetch manifest @rollup/rollup-openbsd-x64@4.62.4
1147 silly packumentCache full:https://registry.npmjs.org/@rollup%2frollup-openbsd-x64 cache-miss
1148 http cache https://registry.npmjs.org/@esbuild%2ffreebsd-arm64 143ms (cache hit)
1149 silly packumentCache full:https://registry.npmjs.org/@esbuild%2ffreebsd-arm64 set size:202383 disposed:false
1150 silly fetch manifest @napi-rs/lzma-linux-x64-gnu@1.5.1
1151 silly packumentCache full:https://registry.npmjs.org/@napi-rs%2flzma-linux-x64-gnu cache-miss
1152 http cache https://registry.npmjs.org/@esbuild%2flinux-loong64 160ms (cache hit)
1153 silly packumentCache full:https://registry.npmjs.org/@esbuild%2flinux-loong64 set size:255749 disposed:false
1154 silly fetch manifest @rollup/rollup-darwin-arm64@4.62.4
1155 silly packumentCache full:https://registry.npmjs.org/@rollup%2frollup-darwin-arm64 cache-miss
1156 http cache https://registry.npmjs.org/@esbuild%2fopenbsd-arm64 121ms (cache hit)
1157 silly packumentCache full:https://registry.npmjs.org/@esbuild%2fopenbsd-arm64 set size:49642 disposed:false
1158 silly fetch manifest @rollup/rollup-android-arm64@4.62.4
1159 silly packumentCache full:https://registry.npmjs.org/@rollup%2frollup-android-arm64 cache-miss
1160 http cache https://registry.npmjs.org/@esbuild%2flinux-riscv64 139ms (cache hit)
1161 silly packumentCache full:https://registry.npmjs.org/@esbuild%2flinux-riscv64 set size:202512 disposed:false
1162 silly fetch manifest @rollup/rollup-freebsd-arm64@4.62.4
1163 silly packumentCache full:https://registry.npmjs.org/@rollup%2frollup-freebsd-arm64 cache-miss
1164 http cache https://registry.npmjs.org/@esbuild%2fopenharmony-arm64 125ms (cache hit)
1165 silly packumentCache full:https://registry.npmjs.org/@esbuild%2fopenharmony-arm64 set size:33054 disposed:false
1166 silly fetch manifest @rollup/rollup-linux-x64-gnu@4.62.4
1167 silly packumentCache full:https://registry.npmjs.org/@rollup%2frollup-linux-x64-gnu cache-miss
1168 http cache https://registry.npmjs.org/@esbuild%2flinux-mips64el 137ms (cache hit)
1169 silly packumentCache full:https://registry.npmjs.org/@esbuild%2flinux-mips64el set size:204633 disposed:false
1170 silly fetch manifest @rollup/rollup-win32-x64-gnu@4.62.4
1171 silly packumentCache full:https://registry.npmjs.org/@rollup%2frollup-win32-x64-gnu cache-miss
1172 http cache https://registry.npmjs.org/@types%2festree 120ms (cache hit)
1173 silly packumentCache full:https://registry.npmjs.org/@types%2festree set size:76072 disposed:false
1174 silly fetch manifest @rollup/rollup-linux-x64-musl@4.62.4
1175 silly packumentCache full:https://registry.npmjs.org/@rollup%2frollup-linux-x64-musl cache-miss
1176 http cache https://registry.npmjs.org/nanoid 139ms (cache hit)
1177 silly packumentCache full:https://registry.npmjs.org/nanoid set size:342705 disposed:false
1178 silly fetch manifest @rollup/rollup-win32-x64-msvc@4.62.4
1179 silly packumentCache full:https://registry.npmjs.org/@rollup%2frollup-win32-x64-msvc cache-miss
1180 http cache https://registry.npmjs.org/@rollup%2frollup-openbsd-x64 127ms (cache hit)
1181 silly packumentCache full:https://registry.npmjs.org/@rollup%2frollup-openbsd-x64 set size:43551 disposed:false
1182 silly fetch manifest @rollup/rollup-linux-arm64-gnu@4.62.4
1183 silly packumentCache full:https://registry.npmjs.org/@rollup%2frollup-linux-arm64-gnu cache-miss
1184 http cache https://registry.npmjs.org/@rollup%2frollup-darwin-x64 153ms (cache hit)
1185 silly packumentCache full:https://registry.npmjs.org/@rollup%2frollup-darwin-x64 set size:346155 disposed:false
1186 silly fetch manifest @rollup/rollup-linux-ppc64-gnu@4.62.4
1187 silly packumentCache full:https://registry.npmjs.org/@rollup%2frollup-linux-ppc64-gnu cache-miss
1188 http cache https://registry.npmjs.org/@rollup%2frollup-freebsd-x64 153ms (cache hit)
1189 silly packumentCache full:https://registry.npmjs.org/@rollup%2frollup-freebsd-x64 set size:198806 disposed:false
1190 silly fetch manifest @rollup/rollup-linux-s390x-gnu@4.62.4
1191 silly packumentCache full:https://registry.npmjs.org/@rollup%2frollup-linux-s390x-gnu cache-miss
1192 http cache https://registry.npmjs.org/@napi-rs%2flzma-linux-x64-gnu 142ms (cache hit)
1193 silly packumentCache full:https://registry.npmjs.org/@napi-rs%2flzma-linux-x64-gnu set size:31508 disposed:false
1194 silly fetch manifest @rollup/rollup-win32-ia32-msvc@4.62.4
1195 silly packumentCache full:https://registry.npmjs.org/@rollup%2frollup-win32-ia32-msvc cache-miss
1196 http cache https://registry.npmjs.org/@rollup%2frollup-android-arm64 144ms (cache hit)
1197 silly packumentCache full:https://registry.npmjs.org/@rollup%2frollup-android-arm64 set size:352622 disposed:false
1198 silly fetch manifest @rollup/rollup-android-arm-eabi@4.62.4
1199 silly packumentCache full:https://registry.npmjs.org/@rollup%2frollup-android-arm-eabi cache-miss
1200 http cache https://registry.npmjs.org/@rollup%2frollup-darwin-arm64 167ms (cache hit)
1201 silly packumentCache full:https://registry.npmjs.org/@rollup%2frollup-darwin-arm64 set size:351064 disposed:false
1202 silly fetch manifest @rollup/rollup-linux-arm64-musl@4.62.4
1203 silly packumentCache full:https://registry.npmjs.org/@rollup%2frollup-linux-arm64-musl cache-miss
1204 http cache https://registry.npmjs.org/@rollup%2frollup-freebsd-arm64 150ms (cache hit)
1205 silly packumentCache full:https://registry.npmjs.org/@rollup%2frollup-freebsd-arm64 set size:200825 disposed:false
1206 silly fetch manifest @rollup/rollup-linux-ppc64-musl@4.62.4
1207 silly packumentCache full:https://registry.npmjs.org/@rollup%2frollup-linux-ppc64-musl cache-miss
1208 http cache https://registry.npmjs.org/@rollup%2frollup-win32-x64-gnu 149ms (cache hit)
1209 silly packumentCache full:https://registry.npmjs.org/@rollup%2frollup-win32-x64-gnu set size:74240 disposed:false
1210 silly fetch manifest @rollup/rollup-win32-arm64-msvc@4.62.4
1211 silly packumentCache full:https://registry.npmjs.org/@rollup%2frollup-win32-arm64-msvc cache-miss
1212 http cache https://registry.npmjs.org/@rollup%2frollup-linux-x64-gnu 159ms (cache hit)
1213 silly packumentCache full:https://registry.npmjs.org/@rollup%2frollup-linux-x64-gnu set size:353494 disposed:false
1214 silly fetch manifest @rollup/rollup-linux-loong64-gnu@4.62.4
1215 silly packumentCache full:https://registry.npmjs.org/@rollup%2frollup-linux-loong64-gnu cache-miss
1216 http cache https://registry.npmjs.org/@rollup%2frollup-linux-x64-musl 182ms (cache hit)
1217 silly packumentCache full:https://registry.npmjs.org/@rollup%2frollup-linux-x64-musl set size:352884 disposed:false
1218 silly fetch manifest @rollup/rollup-linux-riscv64-gnu@4.62.4
1219 silly packumentCache full:https://registry.npmjs.org/@rollup%2frollup-linux-riscv64-gnu cache-miss
1220 http cache https://registry.npmjs.org/@rollup%2frollup-win32-x64-msvc 185ms (cache hit)
1221 silly packumentCache full:https://registry.npmjs.org/@rollup%2frollup-win32-x64-msvc set size:351198 disposed:false
1222 silly fetch manifest @rollup/rollup-openharmony-arm64@4.62.4
1223 silly packumentCache full:https://registry.npmjs.org/@rollup%2frollup-openharmony-arm64 cache-miss
1224 http cache https://registry.npmjs.org/@rollup%2frollup-linux-ppc64-gnu 159ms (cache hit)
1225 silly packumentCache full:https://registry.npmjs.org/@rollup%2frollup-linux-ppc64-gnu set size:103150 disposed:false
1226 silly fetch manifest @rollup/rollup-linux-loong64-musl@4.62.4
1227 silly packumentCache full:https://registry.npmjs.org/@rollup%2frollup-linux-loong64-musl cache-miss
1228 http cache https://registry.npmjs.org/@rollup%2frollup-linux-arm64-gnu 174ms (cache hit)
1229 silly packumentCache full:https://registry.npmjs.org/@rollup%2frollup-linux-arm64-gnu set size:358465 disposed:false
1230 silly fetch manifest @rollup/rollup-linux-riscv64-musl@4.62.4
1231 silly packumentCache full:https://registry.npmjs.org/@rollup%2frollup-linux-riscv64-musl cache-miss
1232 http cache https://registry.npmjs.org/@rollup%2frollup-linux-s390x-gnu 172ms (cache hit)
1233 silly packumentCache full:https://registry.npmjs.org/@rollup%2frollup-linux-s390x-gnu set size:258315 disposed:false
1234 silly fetch manifest @rollup/rollup-linux-arm-gnueabihf@4.62.4
1235 silly packumentCache full:https://registry.npmjs.org/@rollup%2frollup-linux-arm-gnueabihf cache-miss
1236 http cache https://registry.npmjs.org/@rollup%2frollup-linux-ppc64-musl 140ms (cache hit)
1237 silly packumentCache full:https://registry.npmjs.org/@rollup%2frollup-linux-ppc64-musl set size:44718 disposed:false
1238 silly fetch manifest @rollup/rollup-linux-arm-musleabihf@4.62.4
1239 silly packumentCache full:https://registry.npmjs.org/@rollup%2frollup-linux-arm-musleabihf cache-miss
1240 http cache https://registry.npmjs.org/@rollup%2frollup-android-arm-eabi 162ms (cache hit)
1241 silly packumentCache full:https://registry.npmjs.org/@rollup%2frollup-android-arm-eabi set size:356159 disposed:false
1242 http cache https://registry.npmjs.org/@rollup%2frollup-win32-ia32-msvc 214ms (cache hit)
1243 silly packumentCache full:https://registry.npmjs.org/@rollup%2frollup-win32-ia32-msvc set size:354609 disposed:false
1244 http cache https://registry.npmjs.org/@rollup%2frollup-linux-arm64-musl 170ms (cache hit)
1245 silly packumentCache full:https://registry.npmjs.org/@rollup%2frollup-linux-arm64-musl set size:313896 disposed:false
1246 http cache https://registry.npmjs.org/@rollup%2frollup-win32-arm64-msvc 173ms (cache hit)
1247 silly packumentCache full:https://registry.npmjs.org/@rollup%2frollup-win32-arm64-msvc set size:356150 disposed:false
1248 http cache https://registry.npmjs.org/@rollup%2frollup-linux-loong64-gnu 172ms (cache hit)
1249 silly packumentCache full:https://registry.npmjs.org/@rollup%2frollup-linux-loong64-gnu set size:83040 disposed:false
1250 http cache https://registry.npmjs.org/@rollup%2frollup-linux-loong64-musl 132ms (cache hit)
1251 silly packumentCache full:https://registry.npmjs.org/@rollup%2frollup-linux-loong64-musl set size:45087 disposed:false
1252 http cache https://registry.npmjs.org/@rollup%2frollup-openharmony-arm64 142ms (cache hit)
1253 silly packumentCache full:https://registry.npmjs.org/@rollup%2frollup-openharmony-arm64 set size:83828 disposed:false
1254 http cache https://registry.npmjs.org/@rollup%2frollup-linux-riscv64-gnu 169ms (cache hit)
1255 silly packumentCache full:https://registry.npmjs.org/@rollup%2frollup-linux-riscv64-gnu set size:284727 disposed:false
1256 http cache https://registry.npmjs.org/@rollup%2frollup-linux-riscv64-musl 158ms (cache hit)
1257 silly packumentCache full:https://registry.npmjs.org/@rollup%2frollup-linux-riscv64-musl set size:130752 disposed:false
1258 http cache https://registry.npmjs.org/@rollup%2frollup-linux-arm-musleabihf 109ms (cache hit)
1259 silly packumentCache full:https://registry.npmjs.org/@rollup%2frollup-linux-arm-musleabihf set size:256363 disposed:false
1260 http cache https://registry.npmjs.org/@rollup%2frollup-linux-arm-gnueabihf 159ms (cache hit)
1261 silly packumentCache full:https://registry.npmjs.org/@rollup%2frollup-linux-arm-gnueabihf set size:362146 disposed:false
1262 silly placeDep ROOT @esbuild/aix-ppc64@0.28.2 OK for: esbuild@0.28.2 want: 0.28.2
1263 silly placeDep ROOT @esbuild/android-arm@0.28.2 OK for: esbuild@0.28.2 want: 0.28.2
1264 silly placeDep ROOT @esbuild/android-arm64@0.28.2 OK for: esbuild@0.28.2 want: 0.28.2
1265 silly placeDep ROOT @esbuild/android-x64@0.28.2 OK for: esbuild@0.28.2 want: 0.28.2
1266 silly placeDep ROOT @esbuild/darwin-arm64@0.28.2 OK for: esbuild@0.28.2 want: 0.28.2
1267 silly placeDep ROOT @esbuild/darwin-x64@0.28.2 OK for: esbuild@0.28.2 want: 0.28.2
1268 silly placeDep ROOT @esbuild/freebsd-arm64@0.28.2 OK for: esbuild@0.28.2 want: 0.28.2
1269 silly placeDep ROOT @esbuild/freebsd-x64@0.28.2 OK for: esbuild@0.28.2 want: 0.28.2
1270 silly placeDep ROOT @esbuild/linux-arm@0.28.2 OK for: esbuild@0.28.2 want: 0.28.2
1271 silly placeDep ROOT @esbuild/linux-arm64@0.28.2 OK for: esbuild@0.28.2 want: 0.28.2
1272 silly placeDep ROOT @esbuild/linux-ia32@0.28.2 OK for: esbuild@0.28.2 want: 0.28.2
1273 silly placeDep ROOT @esbuild/linux-loong64@0.28.2 OK for: esbuild@0.28.2 want: 0.28.2
1274 silly placeDep ROOT @esbuild/linux-mips64el@0.28.2 OK for: esbuild@0.28.2 want: 0.28.2
1275 silly placeDep ROOT @esbuild/linux-ppc64@0.28.2 OK for: esbuild@0.28.2 want: 0.28.2
1276 silly placeDep ROOT @esbuild/linux-riscv64@0.28.2 OK for: esbuild@0.28.2 want: 0.28.2
1277 silly placeDep ROOT @esbuild/linux-s390x@0.28.2 OK for: esbuild@0.28.2 want: 0.28.2
1278 silly placeDep ROOT @esbuild/linux-x64@0.28.2 OK for: esbuild@0.28.2 want: 0.28.2
1279 silly placeDep ROOT @esbuild/netbsd-arm64@0.28.2 OK for: esbuild@0.28.2 want: 0.28.2
1280 silly placeDep ROOT @esbuild/netbsd-x64@0.28.2 OK for: esbuild@0.28.2 want: 0.28.2
1281 silly placeDep ROOT @esbuild/openbsd-arm64@0.28.2 OK for: esbuild@0.28.2 want: 0.28.2
1282 silly placeDep ROOT @esbuild/openbsd-x64@0.28.2 OK for: esbuild@0.28.2 want: 0.28.2
1283 silly placeDep ROOT @esbuild/openharmony-arm64@0.28.2 OK for: esbuild@0.28.2 want: 0.28.2
1284 silly placeDep ROOT @esbuild/sunos-x64@0.28.2 OK for: esbuild@0.28.2 want: 0.28.2
1285 silly placeDep ROOT @esbuild/win32-arm64@0.28.2 OK for: esbuild@0.28.2 want: 0.28.2
1286 silly placeDep ROOT @esbuild/win32-ia32@0.28.2 OK for: esbuild@0.28.2 want: 0.28.2
1287 silly placeDep ROOT @esbuild/win32-x64@0.28.2 OK for: esbuild@0.28.2 want: 0.28.2
1288 silly placeDep ROOT nanoid@3.3.18 OK for: postcss@8.5.26 want: ^3.3.17
1289 silly placeDep ROOT @napi-rs/lzma-linux-x64-gnu@1.5.1 OK for: rollup@4.62.4 want: 1.5.1
1290 silly placeDep ROOT @rollup/rollup-android-arm-eabi@4.62.4 OK for: rollup@4.62.4 want: 4.62.4
1291 silly placeDep ROOT @rollup/rollup-android-arm64@4.62.4 OK for: rollup@4.62.4 want: 4.62.4
1292 silly placeDep ROOT @rollup/rollup-darwin-arm64@4.62.4 OK for: rollup@4.62.4 want: 4.62.4
1293 silly placeDep ROOT @rollup/rollup-darwin-x64@4.62.4 OK for: rollup@4.62.4 want: 4.62.4
1294 silly placeDep ROOT @rollup/rollup-freebsd-arm64@4.62.4 OK for: rollup@4.62.4 want: 4.62.4
1295 silly placeDep ROOT @rollup/rollup-freebsd-x64@4.62.4 OK for: rollup@4.62.4 want: 4.62.4
1296 silly placeDep ROOT @rollup/rollup-linux-arm-gnueabihf@4.62.4 OK for: rollup@4.62.4 want: 4.62.4
1297 silly placeDep ROOT @rollup/rollup-linux-arm-musleabihf@4.62.4 OK for: rollup@4.62.4 want: 4.62.4
1298 silly placeDep ROOT @rollup/rollup-linux-arm64-gnu@4.62.4 OK for: rollup@4.62.4 want: 4.62.4
1299 silly placeDep ROOT @rollup/rollup-linux-arm64-musl@4.62.4 OK for: rollup@4.62.4 want: 4.62.4
1300 silly placeDep ROOT @rollup/rollup-linux-loong64-gnu@4.62.4 OK for: rollup@4.62.4 want: 4.62.4
1301 silly placeDep ROOT @rollup/rollup-linux-loong64-musl@4.62.4 OK for: rollup@4.62.4 want: 4.62.4
1302 silly placeDep ROOT @rollup/rollup-linux-ppc64-gnu@4.62.4 OK for: rollup@4.62.4 want: 4.62.4
1303 silly placeDep ROOT @rollup/rollup-linux-ppc64-musl@4.62.4 OK for: rollup@4.62.4 want: 4.62.4
1304 silly placeDep ROOT @rollup/rollup-linux-riscv64-gnu@4.62.4 OK for: rollup@4.62.4 want: 4.62.4
1305 silly placeDep ROOT @rollup/rollup-linux-riscv64-musl@4.62.4 OK for: rollup@4.62.4 want: 4.62.4
1306 silly placeDep ROOT @rollup/rollup-linux-s390x-gnu@4.62.4 OK for: rollup@4.62.4 want: 4.62.4
1307 silly placeDep ROOT @rollup/rollup-linux-x64-gnu@4.62.4 OK for: rollup@4.62.4 want: 4.62.4
1308 silly placeDep ROOT @rollup/rollup-linux-x64-musl@4.62.4 OK for: rollup@4.62.4 want: 4.62.4
1309 silly placeDep ROOT @rollup/rollup-openbsd-x64@4.62.4 OK for: rollup@4.62.4 want: 4.62.4
1310 silly placeDep ROOT @rollup/rollup-openharmony-arm64@4.62.4 OK for: rollup@4.62.4 want: 4.62.4
1311 silly placeDep ROOT @rollup/rollup-win32-arm64-msvc@4.62.4 OK for: rollup@4.62.4 want: 4.62.4
1312 silly placeDep ROOT @rollup/rollup-win32-ia32-msvc@4.62.4 OK for: rollup@4.62.4 want: 4.62.4
1313 silly placeDep ROOT @rollup/rollup-win32-x64-gnu@4.62.4 OK for: rollup@4.62.4 want: 4.62.4
1314 silly placeDep ROOT @rollup/rollup-win32-x64-msvc@4.62.4 OK for: rollup@4.62.4 want: 4.62.4
1315 silly placeDep ROOT @types/estree@1.0.9 OK for: rollup@4.62.4 want: 1.0.9
1316 silly placeDep ROOT cliui@8.0.1 OK for: yargs@17.7.2 want: ^8.0.1
1317 silly placeDep ROOT get-caller-file@2.0.5 OK for: yargs@17.7.2 want: ^2.0.5
1318 silly placeDep ROOT require-directory@2.1.1 OK for: yargs@17.7.2 want: ^2.1.1
1319 silly placeDep ROOT string-width@4.2.3 OK for: yargs@17.7.2 want: ^4.2.3
1320 silly placeDep ROOT y18n@5.0.8 OK for: yargs@17.7.2 want: ^5.0.5
1321 silly placeDep ROOT yargs-parser@21.1.1 OK for: yargs@17.7.2 want: ^21.1.1
1322 silly fetch manifest wrap-ansi@^7.0.0
1323 silly packumentCache full:https://registry.npmjs.org/wrap-ansi cache-miss
1324 silly fetch manifest strip-ansi@^6.0.1
1325 silly packumentCache full:https://registry.npmjs.org/strip-ansi cache-miss
1326 silly fetch manifest string-width@^4.2.0
1327 silly packumentCache full:https://registry.npmjs.org/string-width cache-hit
1328 silly fetch manifest strip-ansi@^6.0.1
1329 silly packumentCache full:https://registry.npmjs.org/strip-ansi cache-miss
1330 silly fetch manifest emoji-regex@^8.0.0
1331 silly packumentCache full:https://registry.npmjs.org/emoji-regex cache-miss
1332 silly fetch manifest is-fullwidth-code-point@^3.0.0
1333 silly packumentCache full:https://registry.npmjs.org/is-fullwidth-code-point cache-miss
1334 http cache https://registry.npmjs.org/strip-ansi 43ms (cache hit)
1335 silly packumentCache full:https://registry.npmjs.org/strip-ansi set size:44998 disposed:false
1336 http cache https://registry.npmjs.org/strip-ansi 48ms (cache hit)
1337 silly packumentCache full:https://registry.npmjs.org/strip-ansi set size:44998 disposed:false
1338 silly packumentCache full:https://registry.npmjs.org/strip-ansi dispose
1339 http cache https://registry.npmjs.org/emoji-regex 48ms (cache hit)
1340 silly packumentCache full:https://registry.npmjs.org/emoji-regex set size:89064 disposed:false
1341 http cache https://registry.npmjs.org/wrap-ansi 56ms (cache hit)
1342 silly packumentCache full:https://registry.npmjs.org/wrap-ansi set size:55299 disposed:false
1343 http cache https://registry.npmjs.org/is-fullwidth-code-point 68ms (cache hit)
1344 silly packumentCache full:https://registry.npmjs.org/is-fullwidth-code-point set size:14578 disposed:false
1345 silly placeDep ROOT strip-ansi@6.0.1 OK for: cliui@8.0.1 want: ^6.0.1
1346 silly placeDep ROOT wrap-ansi@7.0.0 OK for: cliui@8.0.1 want: ^7.0.0
1347 silly fetch manifest ansi-regex@^5.0.1
1348 silly packumentCache full:https://registry.npmjs.org/ansi-regex cache-miss
1349 http cache https://registry.npmjs.org/ansi-regex 36ms (cache hit)
1350 silly packumentCache full:https://registry.npmjs.org/ansi-regex set size:48203 disposed:false
1351 silly placeDep ROOT emoji-regex@8.0.0 OK for: string-width@4.2.3 want: ^8.0.0
1352 silly placeDep ROOT is-fullwidth-code-point@3.0.0 OK for: string-width@4.2.3 want: ^3.0.0
1353 silly placeDep ROOT ansi-regex@5.0.1 OK for: strip-ansi@6.0.1 want: ^5.0.1
1354 silly reify moves {}
1355 silly audit bulk request {
1355 silly audit   '@tailwindcss/vite': [ '4.3.3' ],
1355 silly audit   vite: [ '7.3.6' ],
1355 silly audit   '@vitejs/plugin-react': [ '5.2.0' ],
1355 silly audit   concurrently: [ '9.2.4' ],
1355 silly audit   cors: [ '2.8.6' ],
1355 silly audit   express: [ '5.2.1' ],
1355 silly audit   react: [ '19.2.8' ],
1355 silly audit   'react-dom': [ '19.2.8' ],
1355 silly audit   'react-router-dom': [ '7.18.2' ],
1355 silly audit   tailwindcss: [ '4.3.3' ],
1355 silly audit   '@tailwindcss/node': [ '4.3.3' ],
1355 silly audit   '@tailwindcss/oxide': [ '4.3.3' ],
1355 silly audit   '@jridgewell/remapping': [ '2.3.5' ],
1355 silly audit   'enhanced-resolve': [ '5.24.5' ],
1355 silly audit   jiti: [ '2.7.0' ],
1355 silly audit   lightningcss: [ '1.32.0' ],
1355 silly audit   'magic-string': [ '0.30.21' ],
1355 silly audit   'source-map-js': [ '1.2.1' ],
1355 silly audit   '@jridgewell/gen-mapping': [ '0.3.13' ],
1355 silly audit   '@jridgewell/trace-mapping': [ '0.3.31' ],
1355 silly audit   '@jridgewell/sourcemap-codec': [ '1.5.5' ],
1355 silly audit   '@jridgewell/resolve-uri': [ '3.1.2' ],
1355 silly audit   '@tailwindcss/oxide-android-arm64': [ '4.3.3' ],
1355 silly audit   '@tailwindcss/oxide-darwin-arm64': [ '4.3.3' ],
1355 silly audit   '@tailwindcss/oxide-darwin-x64': [ '4.3.3' ],
1355 silly audit   '@tailwindcss/oxide-freebsd-x64': [ '4.3.3' ],
1355 silly audit   '@tailwindcss/oxide-linux-arm-gnueabihf': [ '4.3.3' ],
1355 silly audit   '@tailwindcss/oxide-linux-arm64-gnu': [ '4.3.3' ],
1355 silly audit   '@tailwindcss/oxide-linux-arm64-musl': [ '4.3.3' ],
1355 silly audit   '@tailwindcss/oxide-linux-x64-gnu': [ '4.3.3' ],
1355 silly audit   '@tailwindcss/oxide-linux-x64-musl': [ '4.3.3' ],
1355 silly audit   '@tailwindcss/oxide-wasm32-wasi': [ '4.3.3' ],
1355 silly audit   '@tailwindcss/oxide-win32-arm64-msvc': [ '4.3.3' ],
1355 silly audit   '@tailwindcss/oxide-win32-x64-msvc': [ '4.3.3' ],
1355 silly audit   '@babel/core': [ '7.29.7' ],
1355 silly audit   '@babel/plugin-transform-react-jsx-self': [ '7.29.7' ],
1355 silly audit   '@babel/plugin-transform-react-jsx-source': [ '7.29.7' ],
1355 silly audit   '@rolldown/pluginutils': [ '1.0.0-rc.3' ],
1355 silly audit   '@types/babel__core': [ '7.20.5' ],
1355 silly audit   'react-refresh': [ '0.18.0' ],
1355 silly audit   '@babel/code-frame': [ '7.29.7' ],
1355 silly audit   '@babel/generator': [ '7.29.8' ],
1355 silly audit   '@babel/helper-compilation-targets': [ '7.29.7' ],
1355 silly audit   '@babel/helper-module-transforms': [ '7.29.7' ],
1355 silly audit   '@babel/helpers': [ '7.29.7' ],
1355 silly audit   '@babel/parser': [ '7.29.8' ],
1355 silly audit   '@babel/template': [ '7.29.7' ],
1355 silly audit   '@babel/traverse': [ '7.29.8' ],
1355 silly audit   '@babel/types': [ '7.29.8' ],
1355 silly audit   'convert-source-map': [ '2.0.0' ],
1355 silly audit   debug: [ '4.4.3' ],
1355 silly audit   gensync: [ '1.0.0-beta.2' ],
1355 silly audit   json5: [ '2.2.3' ],
1355 silly audit   semver: [ '6.3.1' ],
1355 silly audit   '@babel/helper-validator-identifier': [ '7.29.7' ],
1355 silly audit   'js-tokens': [ '4.0.0' ],
1355 silly audit   picocolors: [ '1.1.1' ],
1355 silly audit   jsesc: [ '3.1.0' ],
1355 silly audit   '@babel/compat-data': [ '7.29.7' ],
1355 silly audit   '@babel/helper-validator-option': [ '7.29.7' ],
1355 silly audit   browserslist: [ '4.28.8' ],
1355 silly audit   'lru-cache': [ '5.1.1' ],
1355 silly audit   '@babel/helper-module-imports': [ '7.29.7' ],
1355 silly audit   '@babel/helper-plugin-utils': [ '7.29.7' ],
1355 silly audit   '@babel/helper-globals': [ '7.29.7' ],
1355 silly audit   '@babel/helper-string-parser': [ '7.29.7' ],
1355 silly audit   '@types/babel__generator': [ '7.27.0' ],
1355 silly audit   '@types/babel__template': [ '7.4.4' ],
1355 silly audit   '@types/babel__traverse': [ '7.28.0' ],
1355 silly audit   'baseline-browser-mapping': [ '2.11.14' ],
1355 silly audit   'caniuse-lite': [ '1.0.30001809' ],
1355 silly audit   'electron-to-chromium': [ '1.5.407' ],
1355 silly audit   'node-releases': [ '2.0.53' ],
1355 silly audit   'update-browserslist-db': [ '1.3.1' ],
1355 silly audit   chalk: [ '4.1.2' ],
1355 silly audit   rxjs: [ '7.8.2' ],
1355 silly audit   'shell-quote': [ '1.9.0' ],
1355 silly audit   'supports-color': [ '8.1.1', '7.2.0' ],
1355 silly audit   'tree-kill': [ '1.2.2' ],
1355 silly audit   yargs: [ '17.7.2' ],
1355 silly audit   'ansi-styles': [ '4.3.0' ],
1355 silly audit   'color-convert': [ '2.0.1' ],
1355 silly audit   'color-name': [ '1.1.4' ],
1355 silly audit   'object-assign': [ '4.1.1' ],
1355 silly audit   vary: [ '1.1.2' ],
1355 silly audit   ms: [ '2.1.3' ],
1355 silly audit   'graceful-fs': [ '4.2.11' ],
1355 silly audit   tapable: [ '2.3.3' ],
1355 silly audit   accepts: [ '2.0.0' ],
1355 silly audit   'body-parser': [ '2.3.0' ],
1355 silly audit   'content-disposition': [ '1.1.0' ],
1355 silly audit   'content-type': [ '1.0.5', '2.1.0' ],
1355 silly audit   cookie: [ '0.7.2', '1.1.1' ],
1355 silly audit   'cookie-signature': [ '1.2.2' ],
1355 silly audit   depd: [ '2.0.0' ],
1355 silly audit   encodeurl: [ '2.0.0' ],
1355 silly audit   'escape-html': [ '1.0.3' ],
1355 silly audit   etag: [ '1.8.1' ],
1355 silly audit   finalhandler: [ '2.1.1' ],
1355 silly audit   fresh: [ '2.0.0' ],
1355 silly audit   'http-errors': [ '2.0.1' ],
1355 silly audit   'merge-descriptors': [ '2.0.0' ],
1355 silly audit   'mime-types': [ '3.0.2' ],
1355 silly audit   'on-finished': [ '2.4.1' ],
1355 silly audit   once: [ '1.4.0' ],
1355 silly audit   parseurl: [ '1.3.3' ],
1355 silly audit   'proxy-addr': [ '2.0.7' ],
1355 silly audit   qs: [ '6.15.3' ],
1355 silly audit   'range-parser': [ '1.3.0' ],
1355 silly audit   router: [ '2.2.0' ],
1355 silly audit   send: [ '1.2.1' ],
1355 silly audit   'serve-static': [ '2.2.1' ],
1355 silly audit   statuses: [ '2.0.2' ],
1355 silly audit   'type-is': [ '2.1.0' ],
1355 silly audit   negotiator: [ '1.0.0' ],
1355 silly audit   bytes: [ '3.1.2' ],
1355 silly audit   'iconv-lite': [ '0.7.3' ],
1355 silly audit   'raw-body': [ '3.0.2' ],
1355 silly audit   inherits: [ '2.0.4' ],
1355 silly audit   setprototypeof: [ '1.2.0' ],
1355 silly audit   toidentifier: [ '1.0.1' ],
1355 silly audit   'safer-buffer': [ '2.1.2' ],
1355 silly audit   'detect-libc': [ '2.1.2' ],
1355 silly audit   'lightningcss-android-arm64': [ '1.32.0' ],
1355 silly audit   'lightningcss-darwin-arm64': [ '1.32.0' ],
1355 silly audit   'lightningcss-darwin-x64': [ '1.32.0' ],
1355 silly audit   'lightningcss-freebsd-x64': [ '1.32.0' ],
1355 silly audit   'lightningcss-linux-arm-gnueabihf': [ '1.32.0' ],
1355 silly audit   'lightningcss-linux-arm64-gnu': [ '1.32.0' ],
1355 silly audit   'lightningcss-linux-arm64-musl': [ '1.32.0' ],
1355 silly audit   'lightningcss-linux-x64-gnu': [ '1.32.0' ],
1355 silly audit   'lightningcss-linux-x64-musl': [ '1.32.0' ],
1355 silly audit   'lightningcss-win32-arm64-msvc': [ '1.32.0' ],
1355 silly audit   'lightningcss-win32-x64-msvc': [ '1.32.0' ],
1355 silly audit   yallist: [ '3.1.1' ],
1355 silly audit   'mime-db': [ '1.54.0' ],
1355 silly audit   'ee-first': [ '1.1.1' ],
1355 silly audit   wrappy: [ '1.0.2' ],
1355 silly audit   forwarded: [ '0.2.0' ],
1355 silly audit   'ipaddr.js': [ '1.9.1' ],
1355 silly audit   'es-define-property': [ '1.0.1' ],
1355 silly audit   'side-channel': [ '1.1.1' ],
1355 silly audit   unpipe: [ '1.0.0' ],
1355 silly audit   scheduler: [ '0.27.0' ],
1355 silly audit   'react-router': [ '7.18.2' ],
1355 silly audit   'set-cookie-parser': [ '2.7.2' ],
1355 silly audit   'is-promise': [ '4.0.0' ],
1355 silly audit   'path-to-regexp': [ '8.4.2' ],
1355 silly audit   tslib: [ '2.8.1' ],
1355 silly audit   'es-errors': [ '1.3.0' ],
1355 silly audit   'object-inspect': [ '1.13.4' ],
1355 silly audit   'side-channel-list': [ '1.0.1' ],
1355 silly audit   'side-channel-map': [ '1.0.1' ],
1355 silly audit   'side-channel-weakmap': [ '1.0.2' ],
1355 silly audit   'call-bound': [ '1.0.4' ],
1355 silly audit   'get-intrinsic': [ '1.3.0' ],
1355 silly audit   'call-bind-apply-helpers': [ '1.0.2' ],
1355 silly audit   'function-bind': [ '1.1.2' ],
1355 silly audit   'es-object-atoms': [ '1.1.2' ],
1355 silly audit   'get-proto': [ '1.0.1' ],
1355 silly audit   gopd: [ '1.2.0' ],
1355 silly audit   'has-symbols': [ '1.1.0' ],
1355 silly audit   hasown: [ '2.0.4' ],
1355 silly audit   'math-intrinsics': [ '1.1.0' ],
1355 silly audit   'dunder-proto': [ '1.0.1' ],
1355 silly audit   'has-flag': [ '4.0.0' ],
1355 silly audit   'media-typer': [ '1.1.1' ],
1355 silly audit   escalade: [ '3.2.0' ],
1355 silly audit   esbuild: [ '0.28.2' ],
1355 silly audit   fdir: [ '6.5.0' ],
1355 silly audit   fsevents: [ '2.3.3' ],
1355 silly audit   picomatch: [ '4.0.5' ],
1355 silly audit   postcss: [ '8.5.26' ],
1355 silly audit   rollup: [ '4.62.4' ],
1355 silly audit   tinyglobby: [ '0.2.17' ],
1355 silly audit   '@esbuild/aix-ppc64': [ '0.28.2' ],
1355 silly audit   '@esbuild/android-arm': [ '0.28.2' ],
1355 silly audit   '@esbuild/android-arm64': [ '0.28.2' ],
1355 silly audit   '@esbuild/android-x64': [ '0.28.2' ],
1355 silly audit   '@esbuild/darwin-arm64': [ '0.28.2' ],
1355 silly audit   '@esbuild/darwin-x64': [ '0.28.2' ],
1355 silly audit   '@esbuild/freebsd-arm64': [ '0.28.2' ],
1355 silly audit   '@esbuild/freebsd-x64': [ '0.28.2' ],
1355 silly audit   '@esbuild/linux-arm': [ '0.28.2' ],
1355 silly audit   '@esbuild/linux-arm64': [ '0.28.2' ],
1355 silly audit   '@esbuild/linux-ia32': [ '0.28.2' ],
1355 silly audit   '@esbuild/linux-loong64': [ '0.28.2' ],
1355 silly audit   '@esbuild/linux-mips64el': [ '0.28.2' ],
1355 silly audit   '@esbuild/linux-ppc64': [ '0.28.2' ],
1355 silly audit   '@esbuild/linux-riscv64': [ '0.28.2' ],
1355 silly audit   '@esbuild/linux-s390x': [ '0.28.2' ],
1355 silly audit   '@esbuild/linux-x64': [ '0.28.2' ],
1355 silly audit   '@esbuild/netbsd-arm64': [ '0.28.2' ],
1355 silly audit   '@esbuild/netbsd-x64': [ '0.28.2' ],
1355 silly audit   '@esbuild/openbsd-arm64': [ '0.28.2' ],
1355 silly audit   '@esbuild/openbsd-x64': [ '0.28.2' ],
1355 silly audit   '@esbuild/openharmony-arm64': [ '0.28.2' ],
1355 silly audit   '@esbuild/sunos-x64': [ '0.28.2' ],
1355 silly audit   '@esbuild/win32-arm64': [ '0.28.2' ],
1355 silly audit   '@esbuild/win32-ia32': [ '0.28.2' ],
1355 silly audit   '@esbuild/win32-x64': [ '0.28.2' ],
1355 silly audit   nanoid: [ '3.3.18' ],
1355 silly audit   '@napi-rs/lzma-linux-x64-gnu': [ '1.5.1' ],
1355 silly audit   '@rollup/rollup-android-arm-eabi': [ '4.62.4' ],
1355 silly audit   '@rollup/rollup-android-arm64': [ '4.62.4' ],
1355 silly audit   '@rollup/rollup-darwin-arm64': [ '4.62.4' ],
1355 silly audit   '@rollup/rollup-darwin-x64': [ '4.62.4' ],
1355 silly audit   '@rollup/rollup-freebsd-arm64': [ '4.62.4' ],
1355 silly audit   '@rollup/rollup-freebsd-x64': [ '4.62.4' ],
1355 silly audit   '@rollup/rollup-linux-arm-gnueabihf': [ '4.62.4' ],
1355 silly audit   '@rollup/rollup-linux-arm-musleabihf': [ '4.62.4' ],
1355 silly audit   '@rollup/rollup-linux-arm64-gnu': [ '4.62.4' ],
1355 silly audit   '@rollup/rollup-linux-arm64-musl': [ '4.62.4' ],
1355 silly audit   '@rollup/rollup-linux-loong64-gnu': [ '4.62.4' ],
1355 silly audit   '@rollup/rollup-linux-loong64-musl': [ '4.62.4' ],
1355 silly audit   '@rollup/rollup-linux-ppc64-gnu': [ '4.62.4' ],
1355 silly audit   '@rollup/rollup-linux-ppc64-musl': [ '4.62.4' ],
1355 silly audit   '@rollup/rollup-linux-riscv64-gnu': [ '4.62.4' ],
1355 silly audit   '@rollup/rollup-linux-riscv64-musl': [ '4.62.4' ],
1355 silly audit   '@rollup/rollup-linux-s390x-gnu': [ '4.62.4' ],
1355 silly audit   '@rollup/rollup-linux-x64-gnu': [ '4.62.4' ],
1355 silly audit   '@rollup/rollup-linux-x64-musl': [ '4.62.4' ],
1355 silly audit   '@rollup/rollup-openbsd-x64': [ '4.62.4' ],
1355 silly audit   '@rollup/rollup-openharmony-arm64': [ '4.62.4' ],
1355 silly audit   '@rollup/rollup-win32-arm64-msvc': [ '4.62.4' ],
1355 silly audit   '@rollup/rollup-win32-ia32-msvc': [ '4.62.4' ],
1355 silly audit   '@rollup/rollup-win32-x64-gnu': [ '4.62.4' ],
1355 silly audit   '@rollup/rollup-win32-x64-msvc': [ '4.62.4' ],
1355 silly audit   '@types/estree': [ '1.0.9' ],
1355 silly audit   cliui: [ '8.0.1' ],
1355 silly audit   'get-caller-file': [ '2.0.5' ],
1355 silly audit   'require-directory': [ '2.1.1' ],
1355 silly audit   'string-width': [ '4.2.3' ],
1355 silly audit   y18n: [ '5.0.8' ],
1355 silly audit   'yargs-parser': [ '21.1.1' ],
1355 silly audit   'strip-ansi': [ '6.0.1' ],
1355 silly audit   'wrap-ansi': [ '7.0.0' ],
1355 silly audit   'emoji-regex': [ '8.0.0' ],
1355 silly audit   'is-fullwidth-code-point': [ '3.0.0' ],
1355 silly audit   'ansi-regex': [ '5.0.1' ]
1355 silly audit }
1356 http cache ansi-regex@https://registry.npmjs.org/ansi-regex/-/ansi-regex-5.0.1.tgz 0ms (cache hit)
1357 http cache is-fullwidth-code-point@https://registry.npmjs.org/is-fullwidth-code-point/-/is-fullwidth-code-point-3.0.0.tgz 0ms (cache hit)
1358 http cache emoji-regex@https://registry.npmjs.org/emoji-regex/-/emoji-regex-8.0.0.tgz 0ms (cache hit)
1359 http cache wrap-ansi@https://registry.npmjs.org/wrap-ansi/-/wrap-ansi-7.0.0.tgz 0ms (cache hit)
1360 http cache yargs-parser@https://registry.npmjs.org/yargs-parser/-/yargs-parser-21.1.1.tgz 0ms (cache hit)
1361 http cache strip-ansi@https://registry.npmjs.org/strip-ansi/-/strip-ansi-6.0.1.tgz 0ms (cache hit)
1362 http cache y18n@https://registry.npmjs.org/y18n/-/y18n-5.0.8.tgz 0ms (cache hit)
1363 http cache require-directory@https://registry.npmjs.org/require-directory/-/require-directory-2.1.1.tgz 0ms (cache hit)
1364 http cache get-caller-file@https://registry.npmjs.org/get-caller-file/-/get-caller-file-2.0.5.tgz 0ms (cache hit)
1365 http cache @types/estree@https://registry.npmjs.org/@types/estree/-/estree-1.0.9.tgz 0ms (cache hit)
1366 http cache cliui@https://registry.npmjs.org/cliui/-/cliui-8.0.1.tgz 0ms (cache hit)
1367 http cache @rollup/rollup-win32-x64-msvc@https://registry.npmjs.org/@rollup/rollup-win32-x64-msvc/-/rollup-win32-x64-msvc-4.62.4.tgz 0ms (cache hit)
1368 http cache @rollup/rollup-win32-x64-gnu@https://registry.npmjs.org/@rollup/rollup-win32-x64-gnu/-/rollup-win32-x64-gnu-4.62.4.tgz 0ms (cache hit)
1369 http cache string-width@https://registry.npmjs.org/string-width/-/string-width-4.2.3.tgz 0ms (cache hit)
1370 http cache @esbuild/win32-x64@https://registry.npmjs.org/@esbuild/win32-x64/-/win32-x64-0.28.2.tgz 0ms (cache hit)
1371 http cache nanoid@https://registry.npmjs.org/nanoid/-/nanoid-3.3.18.tgz 0ms (cache hit)
1372 http cache rollup@https://registry.npmjs.org/rollup/-/rollup-4.62.4.tgz 0ms (cache hit)
1373 http cache postcss@https://registry.npmjs.org/postcss/-/postcss-8.5.26.tgz 0ms (cache hit)
1374 http cache tinyglobby@https://registry.npmjs.org/tinyglobby/-/tinyglobby-0.2.17.tgz 0ms (cache hit)
1375 http cache fdir@https://registry.npmjs.org/fdir/-/fdir-6.5.0.tgz 0ms (cache hit)
1376 http cache picomatch@https://registry.npmjs.org/picomatch/-/picomatch-4.0.5.tgz 0ms (cache hit)
1377 http cache escalade@https://registry.npmjs.org/escalade/-/escalade-3.2.0.tgz 0ms (cache hit)
1378 http cache esbuild@https://registry.npmjs.org/esbuild/-/esbuild-0.28.2.tgz 0ms (cache hit)
1379 http cache media-typer@https://registry.npmjs.org/media-typer/-/media-typer-1.1.1.tgz 0ms (cache hit)
1380 http cache has-flag@https://registry.npmjs.org/has-flag/-/has-flag-4.0.0.tgz 0ms (cache hit)
1381 http cache hasown@https://registry.npmjs.org/hasown/-/hasown-2.0.4.tgz 0ms (cache hit)
1382 http cache dunder-proto@https://registry.npmjs.org/dunder-proto/-/dunder-proto-1.0.1.tgz 0ms (cache hit)
1383 http cache has-symbols@https://registry.npmjs.org/has-symbols/-/has-symbols-1.1.0.tgz 0ms (cache hit)
1384 http cache gopd@https://registry.npmjs.org/gopd/-/gopd-1.2.0.tgz 0ms (cache hit)
1385 http cache math-intrinsics@https://registry.npmjs.org/math-intrinsics/-/math-intrinsics-1.1.0.tgz 0ms (cache hit)
1386 http cache get-proto@https://registry.npmjs.org/get-proto/-/get-proto-1.0.1.tgz 0ms (cache hit)
1387 http cache es-object-atoms@https://registry.npmjs.org/es-object-atoms/-/es-object-atoms-1.1.2.tgz 0ms (cache hit)
1388 http cache call-bind-apply-helpers@https://registry.npmjs.org/call-bind-apply-helpers/-/call-bind-apply-helpers-1.0.2.tgz 0ms (cache hit)
1389 http cache side-channel-weakmap@https://registry.npmjs.org/side-channel-weakmap/-/side-channel-weakmap-1.0.2.tgz 0ms (cache hit)
1390 http cache get-intrinsic@https://registry.npmjs.org/get-intrinsic/-/get-intrinsic-1.3.0.tgz 0ms (cache hit)
1391 http cache function-bind@https://registry.npmjs.org/function-bind/-/function-bind-1.1.2.tgz 0ms (cache hit)
1392 http cache call-bound@https://registry.npmjs.org/call-bound/-/call-bound-1.0.4.tgz 1ms (cache hit)
1393 http cache side-channel-map@https://registry.npmjs.org/side-channel-map/-/side-channel-map-1.0.1.tgz 0ms (cache hit)
1394 http cache side-channel-list@https://registry.npmjs.org/side-channel-list/-/side-channel-list-1.0.1.tgz 0ms (cache hit)
1395 http cache object-inspect@https://registry.npmjs.org/object-inspect/-/object-inspect-1.13.4.tgz 0ms (cache hit)
1396 http cache es-errors@https://registry.npmjs.org/es-errors/-/es-errors-1.3.0.tgz 0ms (cache hit)
1397 http cache tslib@https://registry.npmjs.org/tslib/-/tslib-2.8.1.tgz 0ms (cache hit)
1398 http cache is-promise@https://registry.npmjs.org/is-promise/-/is-promise-4.0.0.tgz 1ms (cache hit)
1399 http cache set-cookie-parser@https://registry.npmjs.org/set-cookie-parser/-/set-cookie-parser-2.7.2.tgz 0ms (cache hit)
1400 http cache path-to-regexp@https://registry.npmjs.org/path-to-regexp/-/path-to-regexp-8.4.2.tgz 0ms (cache hit)
1401 http cache scheduler@https://registry.npmjs.org/scheduler/-/scheduler-0.27.0.tgz 0ms (cache hit)
1402 http cache react-router@https://registry.npmjs.org/react-router/-/react-router-7.18.2.tgz 0ms (cache hit)
1403 http cache unpipe@https://registry.npmjs.org/unpipe/-/unpipe-1.0.0.tgz 0ms (cache hit)
1404 http cache es-define-property@https://registry.npmjs.org/es-define-property/-/es-define-property-1.0.1.tgz 0ms (cache hit)
1405 http cache ipaddr.js@https://registry.npmjs.org/ipaddr.js/-/ipaddr.js-1.9.1.tgz 0ms (cache hit)
1406 http cache wrappy@https://registry.npmjs.org/wrappy/-/wrappy-1.0.2.tgz 0ms (cache hit)
1407 http cache side-channel@https://registry.npmjs.org/side-channel/-/side-channel-1.1.1.tgz 0ms (cache hit)
1408 http cache mime-db@https://registry.npmjs.org/mime-db/-/mime-db-1.54.0.tgz 0ms (cache hit)
1409 http cache forwarded@https://registry.npmjs.org/forwarded/-/forwarded-0.2.0.tgz 0ms (cache hit)
1410 http cache ee-first@https://registry.npmjs.org/ee-first/-/ee-first-1.1.1.tgz 0ms (cache hit)
1411 http cache yallist@https://registry.npmjs.org/yallist/-/yallist-3.1.1.tgz 0ms (cache hit)
1412 http cache lightningcss-win32-x64-msvc@https://registry.npmjs.org/lightningcss-win32-x64-msvc/-/lightningcss-win32-x64-msvc-1.32.0.tgz 0ms (cache hit)
1413 http cache inherits@https://registry.npmjs.org/inherits/-/inherits-2.0.4.tgz 0ms (cache hit)
1414 http cache toidentifier@https://registry.npmjs.org/toidentifier/-/toidentifier-1.0.1.tgz 0ms (cache hit)
1415 http cache detect-libc@https://registry.npmjs.org/detect-libc/-/detect-libc-2.1.2.tgz 0ms (cache hit)
1416 http cache setprototypeof@https://registry.npmjs.org/setprototypeof/-/setprototypeof-1.2.0.tgz 0ms (cache hit)
1417 http cache safer-buffer@https://registry.npmjs.org/safer-buffer/-/safer-buffer-2.1.2.tgz 0ms (cache hit)
1418 http cache raw-body@https://registry.npmjs.org/raw-body/-/raw-body-3.0.2.tgz 1ms (cache hit)
1419 http cache bytes@https://registry.npmjs.org/bytes/-/bytes-3.1.2.tgz 0ms (cache hit)
1420 http cache type-is@https://registry.npmjs.org/type-is/-/type-is-2.1.0.tgz 0ms (cache hit)
1421 http cache statuses@https://registry.npmjs.org/statuses/-/statuses-2.0.2.tgz 0ms (cache hit)
1422 http cache iconv-lite@https://registry.npmjs.org/iconv-lite/-/iconv-lite-0.7.3.tgz 0ms (cache hit)
1423 http cache negotiator@https://registry.npmjs.org/negotiator/-/negotiator-1.0.0.tgz 1ms (cache hit)
1424 http cache serve-static@https://registry.npmjs.org/serve-static/-/serve-static-2.2.1.tgz 0ms (cache hit)
1425 http cache router@https://registry.npmjs.org/router/-/router-2.2.0.tgz 0ms (cache hit)
1426 http cache proxy-addr@https://registry.npmjs.org/proxy-addr/-/proxy-addr-2.0.7.tgz 0ms (cache hit)
1427 http cache qs@https://registry.npmjs.org/qs/-/qs-6.15.3.tgz 0ms (cache hit)
1428 http cache send@https://registry.npmjs.org/send/-/send-1.2.1.tgz 0ms (cache hit)
1429 http cache range-parser@https://registry.npmjs.org/range-parser/-/range-parser-1.3.0.tgz 0ms (cache hit)
1430 http cache parseurl@https://registry.npmjs.org/parseurl/-/parseurl-1.3.3.tgz 0ms (cache hit)
1431 http cache on-finished@https://registry.npmjs.org/on-finished/-/on-finished-2.4.1.tgz 0ms (cache hit)
1432 http cache merge-descriptors@https://registry.npmjs.org/merge-descriptors/-/merge-descriptors-2.0.0.tgz 0ms (cache hit)
1433 http cache mime-types@https://registry.npmjs.org/mime-types/-/mime-types-3.0.2.tgz 0ms (cache hit)
1434 http cache once@https://registry.npmjs.org/once/-/once-1.4.0.tgz 0ms (cache hit)
1435 http cache fresh@https://registry.npmjs.org/fresh/-/fresh-2.0.0.tgz 0ms (cache hit)
1436 http cache escape-html@https://registry.npmjs.org/escape-html/-/escape-html-1.0.3.tgz 0ms (cache hit)
1437 http cache etag@https://registry.npmjs.org/etag/-/etag-1.8.1.tgz 0ms (cache hit)
1438 http cache depd@https://registry.npmjs.org/depd/-/depd-2.0.0.tgz 0ms (cache hit)
1439 http cache http-errors@https://registry.npmjs.org/http-errors/-/http-errors-2.0.1.tgz 0ms (cache hit)
1440 http cache finalhandler@https://registry.npmjs.org/finalhandler/-/finalhandler-2.1.1.tgz 0ms (cache hit)
1441 http cache cookie-signature@https://registry.npmjs.org/cookie-signature/-/cookie-signature-1.2.2.tgz 0ms (cache hit)
1442 http cache encodeurl@https://registry.npmjs.org/encodeurl/-/encodeurl-2.0.0.tgz 0ms (cache hit)
1443 http cache cookie@https://registry.npmjs.org/cookie/-/cookie-0.7.2.tgz 0ms (cache hit)
1444 http cache content-type@https://registry.npmjs.org/content-type/-/content-type-1.0.5.tgz 0ms (cache hit)
1445 http cache accepts@https://registry.npmjs.org/accepts/-/accepts-2.0.0.tgz 0ms (cache hit)
1446 http cache content-disposition@https://registry.npmjs.org/content-disposition/-/content-disposition-1.1.0.tgz 0ms (cache hit)
1447 http cache body-parser@https://registry.npmjs.org/body-parser/-/body-parser-2.3.0.tgz 0ms (cache hit)
1448 http cache tapable@https://registry.npmjs.org/tapable/-/tapable-2.3.3.tgz 0ms (cache hit)
1449 http cache graceful-fs@https://registry.npmjs.org/graceful-fs/-/graceful-fs-4.2.11.tgz 0ms (cache hit)
1450 http cache color-name@https://registry.npmjs.org/color-name/-/color-name-1.1.4.tgz 0ms (cache hit)
1451 http cache color-convert@https://registry.npmjs.org/color-convert/-/color-convert-2.0.1.tgz 0ms (cache hit)
1452 http cache vary@https://registry.npmjs.org/vary/-/vary-1.1.2.tgz 0ms (cache hit)
1453 http cache ms@https://registry.npmjs.org/ms/-/ms-2.1.3.tgz 0ms (cache hit)
1454 http cache object-assign@https://registry.npmjs.org/object-assign/-/object-assign-4.1.1.tgz 0ms (cache hit)
1455 http cache ansi-styles@https://registry.npmjs.org/ansi-styles/-/ansi-styles-4.3.0.tgz 0ms (cache hit)
1456 http cache tree-kill@https://registry.npmjs.org/tree-kill/-/tree-kill-1.2.2.tgz 0ms (cache hit)
1457 http cache shell-quote@https://registry.npmjs.org/shell-quote/-/shell-quote-1.9.0.tgz 0ms (cache hit)
1458 http cache yargs@https://registry.npmjs.org/yargs/-/yargs-17.7.2.tgz 0ms (cache hit)
1459 http cache supports-color@https://registry.npmjs.org/supports-color/-/supports-color-8.1.1.tgz 0ms (cache hit)
1460 http cache rxjs@https://registry.npmjs.org/rxjs/-/rxjs-7.8.2.tgz 0ms (cache hit)
1461 http cache chalk@https://registry.npmjs.org/chalk/-/chalk-4.1.2.tgz 0ms (cache hit)
1462 http cache update-browserslist-db@https://registry.npmjs.org/update-browserslist-db/-/update-browserslist-db-1.3.1.tgz 0ms (cache hit)
1463 http cache @types/babel__traverse@https://registry.npmjs.org/@types/babel__traverse/-/babel__traverse-7.28.0.tgz 0ms (cache hit)
1464 http cache caniuse-lite@https://registry.npmjs.org/caniuse-lite/-/caniuse-lite-1.0.30001809.tgz 0ms (cache hit)
1465 http cache node-releases@https://registry.npmjs.org/node-releases/-/node-releases-2.0.53.tgz 0ms (cache hit)
1466 http cache electron-to-chromium@https://registry.npmjs.org/electron-to-chromium/-/electron-to-chromium-1.5.407.tgz 0ms (cache hit)
1467 http cache baseline-browser-mapping@https://registry.npmjs.org/baseline-browser-mapping/-/baseline-browser-mapping-2.11.14.tgz 0ms (cache hit)
1468 http cache @babel/helper-string-parser@https://registry.npmjs.org/@babel/helper-string-parser/-/helper-string-parser-7.29.7.tgz 0ms (cache hit)
1469 http cache @types/babel__template@https://registry.npmjs.org/@types/babel__template/-/babel__template-7.4.4.tgz 0ms (cache hit)
1470 http cache @babel/helper-plugin-utils@https://registry.npmjs.org/@babel/helper-plugin-utils/-/helper-plugin-utils-7.29.7.tgz 0ms (cache hit)
1471 http cache @types/babel__generator@https://registry.npmjs.org/@types/babel__generator/-/babel__generator-7.27.0.tgz 0ms (cache hit)
1472 http cache browserslist@https://registry.npmjs.org/browserslist/-/browserslist-4.28.8.tgz 0ms (cache hit)
1473 http cache @babel/helper-module-imports@https://registry.npmjs.org/@babel/helper-module-imports/-/helper-module-imports-7.29.7.tgz 1ms (cache hit)
1474 http cache @babel/helper-globals@https://registry.npmjs.org/@babel/helper-globals/-/helper-globals-7.29.7.tgz 0ms (cache hit)
1475 http cache lru-cache@https://registry.npmjs.org/lru-cache/-/lru-cache-5.1.1.tgz 0ms (cache hit)
1476 http cache @babel/compat-data@https://registry.npmjs.org/@babel/compat-data/-/compat-data-7.29.7.tgz 0ms (cache hit)
1477 http cache @babel/helper-validator-option@https://registry.npmjs.org/@babel/helper-validator-option/-/helper-validator-option-7.29.7.tgz 0ms (cache hit)
1478 http cache jsesc@https://registry.npmjs.org/jsesc/-/jsesc-3.1.0.tgz 0ms (cache hit)
1479 http cache @babel/helper-validator-identifier@https://registry.npmjs.org/@babel/helper-validator-identifier/-/helper-validator-identifier-7.29.7.tgz 0ms (cache hit)
1480 http cache picocolors@https://registry.npmjs.org/picocolors/-/picocolors-1.1.1.tgz 0ms (cache hit)
1481 http cache semver@https://registry.npmjs.org/semver/-/semver-6.3.1.tgz 0ms (cache hit)
1482 http cache gensync@https://registry.npmjs.org/gensync/-/gensync-1.0.0-beta.2.tgz 0ms (cache hit)
1483 http cache json5@https://registry.npmjs.org/json5/-/json5-2.2.3.tgz 0ms (cache hit)
1484 http cache js-tokens@https://registry.npmjs.org/js-tokens/-/js-tokens-4.0.0.tgz 0ms (cache hit)
1485 http cache debug@https://registry.npmjs.org/debug/-/debug-4.4.3.tgz 0ms (cache hit)
1486 http cache convert-source-map@https://registry.npmjs.org/convert-source-map/-/convert-source-map-2.0.0.tgz 0ms (cache hit)
1487 http cache @babel/template@https://registry.npmjs.org/@babel/template/-/template-7.29.7.tgz 0ms (cache hit)
1488 http cache @babel/parser@https://registry.npmjs.org/@babel/parser/-/parser-7.29.8.tgz 0ms (cache hit)
1489 http cache @babel/types@https://registry.npmjs.org/@babel/types/-/types-7.29.8.tgz 0ms (cache hit)
1490 http cache @babel/traverse@https://registry.npmjs.org/@babel/traverse/-/traverse-7.29.8.tgz 0ms (cache hit)
1491 http cache @babel/helpers@https://registry.npmjs.org/@babel/helpers/-/helpers-7.29.7.tgz 0ms (cache hit)
1492 http cache @babel/helper-module-transforms@https://registry.npmjs.org/@babel/helper-module-transforms/-/helper-module-transforms-7.29.7.tgz 0ms (cache hit)
1493 http cache @babel/generator@https://registry.npmjs.org/@babel/generator/-/generator-7.29.8.tgz 0ms (cache hit)
1494 http cache @babel/code-frame@https://registry.npmjs.org/@babel/code-frame/-/code-frame-7.29.7.tgz 0ms (cache hit)
1495 http cache @babel/helper-compilation-targets@https://registry.npmjs.org/@babel/helper-compilation-targets/-/helper-compilation-targets-7.29.7.tgz 0ms (cache hit)
1496 http cache @types/babel__core@https://registry.npmjs.org/@types/babel__core/-/babel__core-7.20.5.tgz 0ms (cache hit)
1497 http cache react-refresh@https://registry.npmjs.org/react-refresh/-/react-refresh-0.18.0.tgz 0ms (cache hit)
1498 http cache @rolldown/pluginutils@https://registry.npmjs.org/@rolldown/pluginutils/-/pluginutils-1.0.0-rc.3.tgz 0ms (cache hit)
1499 http cache @babel/core@https://registry.npmjs.org/@babel/core/-/core-7.29.7.tgz 0ms (cache hit)
1500 http cache @babel/plugin-transform-react-jsx-source@https://registry.npmjs.org/@babel/plugin-transform-react-jsx-source/-/plugin-transform-react-jsx-source-7.29.7.tgz 0ms (cache hit)
1501 http cache @babel/plugin-transform-react-jsx-self@https://registry.npmjs.org/@babel/plugin-transform-react-jsx-self/-/plugin-transform-react-jsx-self-7.29.7.tgz 0ms (cache hit)
1502 http cache @jridgewell/resolve-uri@https://registry.npmjs.org/@jridgewell/resolve-uri/-/resolve-uri-3.1.2.tgz 0ms (cache hit)
1503 http cache @tailwindcss/oxide-win32-x64-msvc@https://registry.npmjs.org/@tailwindcss/oxide-win32-x64-msvc/-/oxide-win32-x64-msvc-4.3.3.tgz 0ms (cache hit)
1504 http cache @jridgewell/gen-mapping@https://registry.npmjs.org/@jridgewell/gen-mapping/-/gen-mapping-0.3.13.tgz 0ms (cache hit)
1505 http cache @jridgewell/trace-mapping@https://registry.npmjs.org/@jridgewell/trace-mapping/-/trace-mapping-0.3.31.tgz 0ms (cache hit)
1506 http cache @jridgewell/sourcemap-codec@https://registry.npmjs.org/@jridgewell/sourcemap-codec/-/sourcemap-codec-1.5.5.tgz 0ms (cache hit)
1507 http cache lightningcss@https://registry.npmjs.org/lightningcss/-/lightningcss-1.32.0.tgz 0ms (cache hit)
1508 http cache jiti@https://registry.npmjs.org/jiti/-/jiti-2.7.0.tgz 0ms (cache hit)
1509 http cache source-map-js@https://registry.npmjs.org/source-map-js/-/source-map-js-1.2.1.tgz 0ms (cache hit)
1510 http cache magic-string@https://registry.npmjs.org/magic-string/-/magic-string-0.30.21.tgz 0ms (cache hit)
1511 http cache enhanced-resolve@https://registry.npmjs.org/enhanced-resolve/-/enhanced-resolve-5.24.5.tgz 0ms (cache hit)
1512 http cache @jridgewell/remapping@https://registry.npmjs.org/@jridgewell/remapping/-/remapping-2.3.5.tgz 0ms (cache hit)
1513 http cache @tailwindcss/node@https://registry.npmjs.org/@tailwindcss/node/-/node-4.3.3.tgz 0ms (cache hit)
1514 http cache tailwindcss@https://registry.npmjs.org/tailwindcss/-/tailwindcss-4.3.3.tgz 0ms (cache hit)
1515 http cache @tailwindcss/oxide@https://registry.npmjs.org/@tailwindcss/oxide/-/oxide-4.3.3.tgz 0ms (cache hit)
1516 http cache react@https://registry.npmjs.org/react/-/react-19.2.8.tgz 0ms (cache hit)
1517 http cache react-router-dom@https://registry.npmjs.org/react-router-dom/-/react-router-dom-7.18.2.tgz 0ms (cache hit)
1518 http cache react-dom@https://registry.npmjs.org/react-dom/-/react-dom-19.2.8.tgz 0ms (cache hit)
1519 http cache cors@https://registry.npmjs.org/cors/-/cors-2.8.6.tgz 0ms (cache hit)
1520 http cache cookie@https://registry.npmjs.org/cookie/-/cookie-1.1.1.tgz 0ms (cache hit)
1521 http cache @vitejs/plugin-react@https://registry.npmjs.org/@vitejs/plugin-react/-/plugin-react-5.2.0.tgz 0ms (cache hit)
1522 http cache @tailwindcss/vite@https://registry.npmjs.org/@tailwindcss/vite/-/vite-4.3.3.tgz 0ms (cache hit)
1523 http cache concurrently@https://registry.npmjs.org/concurrently/-/concurrently-9.2.4.tgz 0ms (cache hit)
1524 http cache express@https://registry.npmjs.org/express/-/express-5.2.1.tgz 0ms (cache hit)
1525 http cache vite@https://registry.npmjs.org/vite/-/vite-7.3.6.tgz 0ms (cache hit)
1526 http cache content-type@https://registry.npmjs.org/content-type/-/content-type-2.1.0.tgz 0ms (cache hit)
1527 http cache content-type@https://registry.npmjs.org/content-type/-/content-type-2.1.0.tgz 0ms (cache hit)
1528 http cache supports-color@https://registry.npmjs.org/supports-color/-/supports-color-7.2.0.tgz 0ms (cache hit)
1529 http fetch POST 200 https://registry.npmjs.org/-/npm/v1/security/advisories/bulk 1692ms
1530 silly audit report {}
1531 info run esbuild@0.28.2 postinstall node_modules/esbuild node install.js
1532 info run esbuild@0.28.2 postinstall { code: 1, signal: null }
1533 verbose stack Error: command failed
1533 verbose stack     at promiseSpawn (C:\Program Files\nodejs\node_modules\npm\node_modules\@npmcli\promise-spawn\lib\index.js:22:22)
1533 verbose stack     at spawnWithShell (C:\Program Files\nodejs\node_modules\npm\node_modules\@npmcli\promise-spawn\lib\index.js:124:10)
1533 verbose stack     at promiseSpawn (C:\Program Files\nodejs\node_modules\npm\node_modules\@npmcli\promise-spawn\lib\index.js:12:12)
1533 verbose stack     at runScriptPkg (C:\Program Files\nodejs\node_modules\npm\node_modules\@npmcli\run-script\lib\run-script-pkg.js:79:13)
1533 verbose stack     at runScript (C:\Program Files\nodejs\node_modules\npm\node_modules\@npmcli\run-script\lib\run-script.js:9:12)
1533 verbose stack     at C:\Program Files\nodejs\node_modules\npm\node_modules\@npmcli\arborist\lib\arborist\rebuild.js:341:17
1533 verbose stack     at run (C:\Program Files\nodejs\node_modules\npm\node_modules\promise-call-limit\dist\commonjs\index.js:67:22)
1533 verbose stack     at C:\Program Files\nodejs\node_modules\npm\node_modules\promise-call-limit\dist\commonjs\index.js:84:9
1533 verbose stack     at new Promise (<anonymous>)
1533 verbose stack     at callLimit (C:\Program Files\nodejs\node_modules\npm\node_modules\promise-call-limit\dist\commonjs\index.js:35:69)
1534 verbose pkgid esbuild@0.28.2
1535 error code 1
1536 error path C:\Users\Aadi Jain\Desktop\sindandsind\node_modules\esbuild
1537 error command failed
1538 error command C:\Windows\system32\cmd.exe /d /s /c node install.js
1539 error 'node' is not recognized as an internal or external command,
1539 error operable program or batch file.
1540 silly unfinished npm timer reify 1786901789076
1541 silly unfinished npm timer reify:build 1786901838933
1542 silly unfinished npm timer build 1786901838934
1543 silly unfinished npm timer build:deps 1786901838935
1544 silly unfinished npm timer build:run:postinstall 1786901839291
1545 silly unfinished npm timer build:run:postinstall:node_modules/esbuild 1786901839292
1546 verbose cwd C:\Users\Aadi Jain\Desktop\sindandsind
1547 verbose os Windows_NT 10.0.26200
1548 verbose node v24.19.0
1549 verbose npm  v11.17.0
1550 verbose exit 1
1551 verbose code 1
1552 error A complete log of this run can be found in: C:\Users\Aadi Jain\Desktop\sindandsind\.npm-cache\_logs\2026-08-16T17_36_27_831Z-debug-0.log
