0 verbose cli C:\Program Files\nodejs\node.exe C:\Program Files\nodejs\node_modules\npm\bin\npm-cli.js
1 info using npm@11.17.0
2 info using node@v24.19.0
3 silly config load:file:C:\Program Files\nodejs\node_modules\npm\npmrc
4 silly config load:file:C:\Users\Aadi Jain\Desktop\sindandsind\.npmrc
5 silly config load:file:C:\Users\Aadi Jain\.npmrc
6 silly config load:file:C:\Users\Aadi Jain\AppData\Roaming\npm\etc\npmrc
7 verbose title npm install
8 verbose argv "install" "--cache" ".npm-cache"
9 verbose logfile logs-max:10 dir:C:\Users\Aadi Jain\Desktop\sindandsind\.npm-cache\_logs\2026-08-16T17_35_20_654Z-
10 verbose logfile C:\Users\Aadi Jain\Desktop\sindandsind\.npm-cache\_logs\2026-08-16T17_35_20_654Z-debug-0.log
11 silly logfile done cleaning log files
12 silly packumentCache heap:4496293888 maxSize:1124073472 maxEntrySize:562036736
13 silly idealTree buildDeps
14 silly fetch manifest cors@^2.8.5
15 silly packumentCache full:https://registry.npmjs.org/cors cache-miss
16 http fetch GET 200 https://registry.npmjs.org/cors 462ms (cache miss)
17 silly packumentCache full:https://registry.npmjs.org/cors set size:undefined disposed:false
18 silly fetch manifest express@^5.1.0
19 silly packumentCache full:https://registry.npmjs.org/express cache-miss
20 http fetch GET 200 https://registry.npmjs.org/npm 715ms
21 http fetch GET 200 https://registry.npmjs.org/express 230ms (cache miss)
22 silly packumentCache full:https://registry.npmjs.org/express set size:undefined disposed:false
23 silly fetch manifest react@^19.1.1
24 silly packumentCache full:https://registry.npmjs.org/react cache-miss
25 http fetch GET 200 https://registry.npmjs.org/react 632ms (cache miss)
26 silly packumentCache full:https://registry.npmjs.org/react set size:undefined disposed:false
27 silly fetch manifest react-dom@^19.1.1
28 silly packumentCache full:https://registry.npmjs.org/react-dom cache-miss
29 http fetch GET 200 https://registry.npmjs.org/react-dom 631ms (cache miss)
30 silly packumentCache full:https://registry.npmjs.org/react-dom set size:undefined disposed:false
31 silly fetch manifest react-router-dom@^7.8.2
32 silly packumentCache full:https://registry.npmjs.org/react-router-dom cache-miss
33 http fetch GET 200 https://registry.npmjs.org/react-router-dom 320ms (cache miss)
34 silly packumentCache full:https://registry.npmjs.org/react-router-dom set size:undefined disposed:false
35 silly fetch manifest @tailwindcss/vite@^4.1.12
36 silly packumentCache full:https://registry.npmjs.org/@tailwindcss%2fvite cache-miss
37 http fetch GET 200 https://registry.npmjs.org/@tailwindcss%2fvite 335ms (cache miss)
38 silly packumentCache full:https://registry.npmjs.org/@tailwindcss%2fvite set size:undefined disposed:false
39 silly fetch manifest vite@^7.1.4
40 silly packumentCache full:https://registry.npmjs.org/vite cache-miss
41 http fetch GET 200 https://registry.npmjs.org/vite 2097ms (cache miss)
42 silly packumentCache full:https://registry.npmjs.org/vite set size:undefined disposed:false
43 silly fetch manifest @types/node@^20.19.0 || >=22.12.0
44 silly packumentCache full:https://registry.npmjs.org/@types%2fnode cache-miss
45 http fetch GET 200 https://registry.npmjs.org/@types%2fnode 449ms (cache miss)
46 silly packumentCache full:https://registry.npmjs.org/@types%2fnode set size:undefined disposed:false
47 silly fetch manifest jiti@>=1.21.0
48 silly packumentCache full:https://registry.npmjs.org/jiti cache-miss
49 http fetch GET 200 https://registry.npmjs.org/jiti 527ms (cache miss)
50 silly packumentCache full:https://registry.npmjs.org/jiti set size:undefined disposed:false
51 silly fetch manifest less@^4.0.0
52 silly packumentCache full:https://registry.npmjs.org/less cache-miss
53 http fetch GET 200 https://registry.npmjs.org/less 180ms (cache miss)
54 silly packumentCache full:https://registry.npmjs.org/less set size:undefined disposed:false
55 silly fetch manifest lightningcss@^1.21.0
56 silly packumentCache full:https://registry.npmjs.org/lightningcss cache-miss
57 http fetch GET 200 https://registry.npmjs.org/lightningcss 125ms (cache miss)
58 silly packumentCache full:https://registry.npmjs.org/lightningcss set size:undefined disposed:false
59 silly fetch manifest sass@^1.70.0
60 silly packumentCache full:https://registry.npmjs.org/sass cache-miss
61 http fetch GET 200 https://registry.npmjs.org/sass 215ms (cache miss)
62 silly packumentCache full:https://registry.npmjs.org/sass set size:undefined disposed:false
63 silly fetch manifest sass-embedded@^1.70.0
64 silly packumentCache full:https://registry.npmjs.org/sass-embedded cache-miss
65 http fetch GET 200 https://registry.npmjs.org/sass-embedded 262ms (cache miss)
66 silly packumentCache full:https://registry.npmjs.org/sass-embedded set size:undefined disposed:false
67 silly fetch manifest stylus@>=0.54.8
68 silly packumentCache full:https://registry.npmjs.org/stylus cache-miss
69 http fetch GET 200 https://registry.npmjs.org/stylus 209ms (cache miss)
70 silly packumentCache full:https://registry.npmjs.org/stylus set size:undefined disposed:false
71 silly fetch manifest sugarss@^5.0.0
72 silly packumentCache full:https://registry.npmjs.org/sugarss cache-miss
73 http fetch GET 200 https://registry.npmjs.org/sugarss 135ms (cache miss)
74 silly packumentCache full:https://registry.npmjs.org/sugarss set size:undefined disposed:false
75 silly fetch manifest postcss@^8.3.3
76 silly packumentCache full:https://registry.npmjs.org/postcss cache-miss
77 http fetch GET 200 https://registry.npmjs.org/postcss 156ms (cache miss)
78 silly packumentCache full:https://registry.npmjs.org/postcss set size:undefined disposed:false
79 silly fetch manifest terser@^5.16.0
80 silly packumentCache full:https://registry.npmjs.org/terser cache-miss
81 http fetch GET 200 https://registry.npmjs.org/terser 236ms (cache miss)
82 silly packumentCache full:https://registry.npmjs.org/terser set size:undefined disposed:false
83 silly fetch manifest tsx@^4.8.1
84 silly packumentCache full:https://registry.npmjs.org/tsx cache-miss
85 http fetch GET 200 https://registry.npmjs.org/tsx 179ms (cache miss)
86 silly packumentCache full:https://registry.npmjs.org/tsx set size:undefined disposed:false
87 silly fetch manifest yaml@^2.4.2
88 silly packumentCache full:https://registry.npmjs.org/yaml cache-miss
89 http fetch GET 200 https://registry.npmjs.org/yaml 111ms (cache miss)
90 silly packumentCache full:https://registry.npmjs.org/yaml set size:undefined disposed:false
91 silly fetch manifest @vitejs/plugin-react@^5.0.2
92 silly packumentCache full:https://registry.npmjs.org/@vitejs%2fplugin-react cache-miss
93 http fetch GET 200 https://registry.npmjs.org/@vitejs%2fplugin-react 194ms (cache miss)
94 silly packumentCache full:https://registry.npmjs.org/@vitejs%2fplugin-react set size:undefined disposed:false
95 silly fetch manifest concurrently@^9.2.0
96 silly packumentCache full:https://registry.npmjs.org/concurrently cache-miss
97 http fetch GET 200 https://registry.npmjs.org/concurrently 338ms (cache miss)
98 silly packumentCache full:https://registry.npmjs.org/concurrently set size:undefined disposed:false
99 silly fetch manifest tailwindcss@^4.1.12
100 silly packumentCache full:https://registry.npmjs.org/tailwindcss cache-miss
101 http fetch GET 200 https://registry.npmjs.org/tailwindcss 1207ms (cache miss)
102 silly packumentCache full:https://registry.npmjs.org/tailwindcss set size:undefined disposed:false
103 silly placeDep ROOT @tailwindcss/vite@4.3.3 OK for: sind-and-sind@0.1.0 want: ^4.1.12
104 silly placeDep ROOT vite@7.3.6 OK for: @tailwindcss/vite@4.3.3 want: ^5.2.0 || ^6 || ^7 || ^8
105 silly placeDep ROOT @vitejs/plugin-react@5.2.0 OK for: sind-and-sind@0.1.0 want: ^5.0.2
106 silly placeDep ROOT concurrently@9.2.4 OK for: sind-and-sind@0.1.0 want: ^9.2.0
107 silly placeDep ROOT cors@2.8.6 OK for: sind-and-sind@0.1.0 want: ^2.8.5
108 silly placeDep ROOT express@5.2.1 OK for: sind-and-sind@0.1.0 want: ^5.1.0
109 silly placeDep ROOT react@19.2.8 OK for: sind-and-sind@0.1.0 want: ^19.1.1
110 silly placeDep ROOT react-dom@19.2.8 OK for: sind-and-sind@0.1.0 want: ^19.1.1
111 silly placeDep ROOT react-router-dom@7.18.2 OK for: sind-and-sind@0.1.0 want: ^7.8.2
112 silly placeDep ROOT tailwindcss@4.3.3 OK for: sind-and-sind@0.1.0 want: ^4.1.12
113 silly fetch manifest tailwindcss@4.3.3
114 silly packumentCache full:https://registry.npmjs.org/tailwindcss cache-miss
115 silly fetch manifest @tailwindcss/node@4.3.3
116 silly packumentCache full:https://registry.npmjs.org/@tailwindcss%2fnode cache-miss
117 silly fetch manifest @tailwindcss/oxide@4.3.3
118 silly packumentCache full:https://registry.npmjs.org/@tailwindcss%2foxide cache-miss
119 silly fetch manifest fdir@^6.5.0
120 silly packumentCache full:https://registry.npmjs.org/fdir cache-miss
121 silly fetch manifest rollup@^4.43.0
122 silly packumentCache full:https://registry.npmjs.org/rollup cache-miss
123 silly fetch manifest esbuild@^0.27.0 || ^0.28.0
124 silly packumentCache full:https://registry.npmjs.org/esbuild cache-miss
125 silly fetch manifest postcss@^8.5.6
126 silly packumentCache full:https://registry.npmjs.org/postcss cache-miss
127 silly fetch manifest picomatch@^4.0.3
128 silly packumentCache full:https://registry.npmjs.org/picomatch cache-miss
129 silly fetch manifest tinyglobby@^0.2.15
130 silly packumentCache full:https://registry.npmjs.org/tinyglobby cache-miss
131 silly fetch manifest fsevents@~2.3.3
132 silly packumentCache full:https://registry.npmjs.org/fsevents cache-miss
133 silly fetch manifest @babel/core@^7.29.0
134 silly packumentCache full:https://registry.npmjs.org/@babel%2fcore cache-miss
135 http cache https://registry.npmjs.org/postcss 264ms (cache hit)
136 silly packumentCache full:https://registry.npmjs.org/postcss set size:760024 disposed:false
137 silly fetch manifest react-refresh@^0.18.0
138 silly packumentCache full:https://registry.npmjs.org/react-refresh cache-miss
139 http fetch GET 200 https://registry.npmjs.org/@tailwindcss%2fnode 404ms (cache miss)
140 silly packumentCache full:https://registry.npmjs.org/@tailwindcss%2fnode set size:undefined disposed:false
141 silly fetch manifest @types/babel__core@^7.20.5
142 silly packumentCache full:https://registry.npmjs.org/@types%2fbabel__core cache-miss
143 http fetch GET 200 https://registry.npmjs.org/fdir 509ms (cache miss)
144 silly packumentCache full:https://registry.npmjs.org/fdir set size:undefined disposed:false
145 silly fetch manifest @rolldown/pluginutils@1.0.0-rc.3
146 silly packumentCache full:https://registry.npmjs.org/@rolldown%2fpluginutils cache-miss
147 http fetch GET 200 https://registry.npmjs.org/@tailwindcss%2foxide 536ms (cache miss)
148 silly packumentCache full:https://registry.npmjs.org/@tailwindcss%2foxide set size:undefined disposed:false
149 silly fetch manifest @babel/plugin-transform-react-jsx-self@^7.27.1
150 silly packumentCache full:https://registry.npmjs.org/@babel%2fplugin-transform-react-jsx-self cache-miss
151 http fetch GET 200 https://registry.npmjs.org/tinyglobby 633ms (cache miss)
152 silly packumentCache full:https://registry.npmjs.org/tinyglobby set size:undefined disposed:false
153 silly fetch manifest @babel/plugin-transform-react-jsx-source@^7.27.1
154 silly packumentCache full:https://registry.npmjs.org/@babel%2fplugin-transform-react-jsx-source cache-miss
155 http fetch GET 200 https://registry.npmjs.org/@types%2fbabel__core 234ms (cache miss)
156 silly packumentCache full:https://registry.npmjs.org/@types%2fbabel__core set size:undefined disposed:false
157 silly fetch manifest rxjs@7.8.2
158 silly packumentCache full:https://registry.npmjs.org/rxjs cache-miss
159 http fetch GET 200 https://registry.npmjs.org/fsevents 673ms (cache miss)
160 silly packumentCache full:https://registry.npmjs.org/fsevents set size:undefined disposed:false
161 silly fetch manifest chalk@4.1.2
162 silly packumentCache full:https://registry.npmjs.org/chalk cache-miss
163 http fetch GET 200 https://registry.npmjs.org/@rolldown%2fpluginutils 204ms (cache miss)
164 silly packumentCache full:https://registry.npmjs.org/@rolldown%2fpluginutils set size:undefined disposed:false
165 silly fetch manifest yargs@17.7.2
166 silly packumentCache full:https://registry.npmjs.org/yargs cache-miss
167 http fetch GET 200 https://registry.npmjs.org/@babel%2fplugin-transform-react-jsx-self 156ms (cache miss)
168 silly packumentCache full:https://registry.npmjs.org/@babel%2fplugin-transform-react-jsx-self set size:undefined disposed:false
169 silly fetch manifest tree-kill@1.2.2
170 silly packumentCache full:https://registry.npmjs.org/tree-kill cache-miss
171 http fetch GET 200 https://registry.npmjs.org/@babel%2fcore 765ms (cache miss)
172 silly packumentCache full:https://registry.npmjs.org/@babel%2fcore set size:undefined disposed:false
173 silly fetch manifest shell-quote@1.9.0
174 silly packumentCache full:https://registry.npmjs.org/shell-quote cache-miss
175 http fetch GET 200 https://registry.npmjs.org/@babel%2fplugin-transform-react-jsx-source 168ms (cache miss)
176 silly packumentCache full:https://registry.npmjs.org/@babel%2fplugin-transform-react-jsx-source set size:undefined disposed:false
177 silly fetch manifest supports-color@8.1.1
178 silly packumentCache full:https://registry.npmjs.org/supports-color cache-miss
179 http fetch GET 200 https://registry.npmjs.org/esbuild 823ms (cache miss)
180 silly packumentCache full:https://registry.npmjs.org/esbuild set size:undefined disposed:false
181 silly fetch manifest object-assign@^4
182 silly packumentCache full:https://registry.npmjs.org/object-assign cache-miss
183 http fetch GET 200 https://registry.npmjs.org/chalk 166ms (cache miss)
184 silly packumentCache full:https://registry.npmjs.org/chalk set size:undefined disposed:false
185 silly fetch manifest vary@^1
186 silly packumentCache full:https://registry.npmjs.org/vary cache-miss
187 http fetch GET 200 https://registry.npmjs.org/shell-quote 119ms (cache miss)
188 silly packumentCache full:https://registry.npmjs.org/shell-quote set size:undefined disposed:false
189 silly fetch manifest qs@^6.14.0
190 silly packumentCache full:https://registry.npmjs.org/qs cache-miss
191 http fetch GET 200 https://registry.npmjs.org/rxjs 245ms (cache miss)
192 silly packumentCache full:https://registry.npmjs.org/rxjs set size:undefined disposed:false
193 silly fetch manifest depd@^2.0.0
194 silly packumentCache full:https://registry.npmjs.org/depd cache-miss
195 http cache https://registry.npmjs.org/tailwindcss 981ms (cache hit)
196 silly packumentCache full:https://registry.npmjs.org/tailwindcss set size:10868886 disposed:false
197 silly fetch manifest etag@^1.8.1
198 silly packumentCache full:https://registry.npmjs.org/etag cache-miss
199 http fetch GET 200 https://registry.npmjs.org/picomatch 1110ms (cache miss)
200 silly packumentCache full:https://registry.npmjs.org/picomatch set size:undefined disposed:false
201 silly fetch manifest once@^1.4.0
202 silly packumentCache full:https://registry.npmjs.org/once cache-miss
203 http fetch GET 200 https://registry.npmjs.org/yargs 418ms (cache miss)
204 silly packumentCache full:https://registry.npmjs.org/yargs set size:undefined disposed:false
205 silly fetch manifest send@^1.1.0
206 silly packumentCache full:https://registry.npmjs.org/send cache-miss
207 http fetch GET 200 https://registry.npmjs.org/supports-color 346ms (cache miss)
208 silly packumentCache full:https://registry.npmjs.org/supports-color set size:undefined disposed:false
209 silly fetch manifest vary@^1.1.2
210 silly packumentCache full:https://registry.npmjs.org/vary cache-miss
211 http fetch GET 200 https://registry.npmjs.org/object-assign 327ms (cache miss)
212 silly packumentCache full:https://registry.npmjs.org/object-assign set size:undefined disposed:false
213 silly fetch manifest debug@^4.4.0
214 silly packumentCache full:https://registry.npmjs.org/debug cache-miss
215 http fetch GET 200 https://registry.npmjs.org/vary 319ms (cache miss)
216 silly packumentCache full:https://registry.npmjs.org/vary set size:undefined disposed:false
217 silly fetch manifest fresh@^2.0.0
218 silly packumentCache full:https://registry.npmjs.org/fresh cache-miss
219 http fetch GET 200 https://registry.npmjs.org/tree-kill 454ms (cache miss)
220 silly packumentCache full:https://registry.npmjs.org/tree-kill set size:undefined disposed:false
221 silly fetch manifest cookie@^0.7.1
222 silly packumentCache full:https://registry.npmjs.org/cookie cache-miss
223 http fetch GET 200 https://registry.npmjs.org/depd 276ms (cache miss)
224 silly packumentCache full:https://registry.npmjs.org/depd set size:undefined disposed:false
225 silly fetch manifest router@^2.2.0
226 silly packumentCache full:https://registry.npmjs.org/router cache-miss
227 http fetch GET 200 https://registry.npmjs.org/etag 135ms (cache miss)
228 silly packumentCache full:https://registry.npmjs.org/etag set size:undefined disposed:false
229 silly fetch manifest accepts@^2.0.0
230 silly packumentCache full:https://registry.npmjs.org/accepts cache-miss
231 http fetch GET 200 https://registry.npmjs.org/qs 323ms (cache miss)
232 silly packumentCache full:https://registry.npmjs.org/qs set size:undefined disposed:false
233 silly fetch manifest type-is@^2.0.1
234 silly packumentCache full:https://registry.npmjs.org/type-is cache-miss
235 http cache https://registry.npmjs.org/vary 85ms (cache hit)
236 silly packumentCache full:https://registry.npmjs.org/vary set size:15994 disposed:false
237 silly fetch manifest parseurl@^1.3.3
238 silly packumentCache full:https://registry.npmjs.org/parseurl cache-miss
239 http fetch GET 200 https://registry.npmjs.org/once 139ms (cache miss)
240 silly packumentCache full:https://registry.npmjs.org/once set size:undefined disposed:false
241 silly fetch manifest statuses@^2.0.1
242 silly packumentCache full:https://registry.npmjs.org/statuses cache-miss
243 http fetch GET 200 https://registry.npmjs.org/fresh 116ms (cache miss)
244 silly packumentCache full:https://registry.npmjs.org/fresh set size:undefined disposed:false
245 silly fetch manifest encodeurl@^2.0.0
246 silly packumentCache full:https://registry.npmjs.org/encodeurl cache-miss
247 http fetch GET 200 https://registry.npmjs.org/debug 135ms (cache miss)
248 silly packumentCache full:https://registry.npmjs.org/debug set size:undefined disposed:false
249 silly fetch manifest mime-types@^3.0.0
250 silly packumentCache full:https://registry.npmjs.org/mime-types cache-miss
251 http fetch GET 200 https://registry.npmjs.org/cookie 126ms (cache miss)
252 silly packumentCache full:https://registry.npmjs.org/cookie set size:undefined disposed:false
253 silly fetch manifest proxy-addr@^2.0.7
254 silly packumentCache full:https://registry.npmjs.org/proxy-addr cache-miss
255 http fetch GET 200 https://registry.npmjs.org/router 158ms (cache miss)
256 silly packumentCache full:https://registry.npmjs.org/router set size:undefined disposed:false
257 silly fetch manifest body-parser@^2.2.1
258 silly packumentCache full:https://registry.npmjs.org/body-parser cache-miss
259 http fetch GET 200 https://registry.npmjs.org/accepts 151ms (cache miss)
260 silly packumentCache full:https://registry.npmjs.org/accepts set size:undefined disposed:false
261 silly fetch manifest escape-html@^1.0.3
262 silly packumentCache full:https://registry.npmjs.org/escape-html cache-miss
263 http fetch GET 200 https://registry.npmjs.org/parseurl 143ms (cache miss)
264 silly packumentCache full:https://registry.npmjs.org/parseurl set size:undefined disposed:false
265 silly fetch manifest http-errors@^2.0.0
266 silly packumentCache full:https://registry.npmjs.org/http-errors cache-miss
267 http fetch GET 200 https://registry.npmjs.org/type-is 160ms (cache miss)
268 silly packumentCache full:https://registry.npmjs.org/type-is set size:undefined disposed:false
269 silly fetch manifest on-finished@^2.4.1
270 silly packumentCache full:https://registry.npmjs.org/on-finished cache-miss
271 http fetch GET 200 https://registry.npmjs.org/statuses 155ms (cache miss)
272 silly packumentCache full:https://registry.npmjs.org/statuses set size:undefined disposed:false
273 silly fetch manifest content-type@^1.0.5
274 silly packumentCache full:https://registry.npmjs.org/content-type cache-miss
275 http fetch GET 200 https://registry.npmjs.org/encodeurl 132ms (cache miss)
276 silly packumentCache full:https://registry.npmjs.org/encodeurl set size:undefined disposed:false
277 silly fetch manifest finalhandler@^2.1.0
278 silly packumentCache full:https://registry.npmjs.org/finalhandler cache-miss
279 http fetch GET 200 https://registry.npmjs.org/proxy-addr 133ms (cache miss)
280 silly packumentCache full:https://registry.npmjs.org/proxy-addr set size:undefined disposed:false
281 silly fetch manifest range-parser@^1.2.1
282 silly packumentCache full:https://registry.npmjs.org/range-parser cache-miss
283 http fetch GET 200 https://registry.npmjs.org/mime-types 154ms (cache miss)
284 silly packumentCache full:https://registry.npmjs.org/mime-types set size:undefined disposed:false
285 silly fetch manifest serve-static@^2.2.0
286 silly packumentCache full:https://registry.npmjs.org/serve-static cache-miss
287 http fetch GET 200 https://registry.npmjs.org/body-parser 145ms (cache miss)
288 silly packumentCache full:https://registry.npmjs.org/body-parser set size:undefined disposed:false
289 silly fetch manifest cookie-signature@^1.2.1
290 silly packumentCache full:https://registry.npmjs.org/cookie-signature cache-miss
291 http fetch GET 200 https://registry.npmjs.org/escape-html 133ms (cache miss)
292 silly packumentCache full:https://registry.npmjs.org/escape-html set size:undefined disposed:false
293 silly fetch manifest merge-descriptors@^2.0.0
294 silly packumentCache full:https://registry.npmjs.org/merge-descriptors cache-miss
295 http fetch GET 200 https://registry.npmjs.org/send 374ms (cache miss)
296 silly packumentCache full:https://registry.npmjs.org/send set size:undefined disposed:false
297 silly fetch manifest content-disposition@^1.0.0
298 silly packumentCache full:https://registry.npmjs.org/content-disposition cache-miss
299 http fetch GET 200 https://registry.npmjs.org/content-type 137ms (cache miss)
300 silly packumentCache full:https://registry.npmjs.org/content-type set size:undefined disposed:false
301 silly fetch manifest scheduler@^0.27.0
302 silly packumentCache full:https://registry.npmjs.org/scheduler cache-miss
303 http fetch GET 200 https://registry.npmjs.org/finalhandler 139ms (cache miss)
304 silly packumentCache full:https://registry.npmjs.org/finalhandler set size:undefined disposed:false
305 silly fetch manifest react-router@7.18.2
306 silly packumentCache full:https://registry.npmjs.org/react-router cache-miss
307 http fetch GET 200 https://registry.npmjs.org/range-parser 120ms (cache miss)
308 silly packumentCache full:https://registry.npmjs.org/range-parser set size:undefined disposed:false
309 http fetch GET 200 https://registry.npmjs.org/on-finished 177ms (cache miss)
310 silly packumentCache full:https://registry.npmjs.org/on-finished set size:undefined disposed:false
311 http fetch GET 200 https://registry.npmjs.org/serve-static 117ms (cache miss)
312 silly packumentCache full:https://registry.npmjs.org/serve-static set size:undefined disposed:false
313 http fetch GET 200 https://registry.npmjs.org/http-errors 202ms (cache miss)
314 silly packumentCache full:https://registry.npmjs.org/http-errors set size:undefined disposed:false
315 http fetch GET 200 https://registry.npmjs.org/cookie-signature 111ms (cache miss)
316 silly packumentCache full:https://registry.npmjs.org/cookie-signature set size:undefined disposed:false
317 http fetch GET 200 https://registry.npmjs.org/merge-descriptors 110ms (cache miss)
318 silly packumentCache full:https://registry.npmjs.org/merge-descriptors set size:undefined disposed:false
319 http fetch GET 200 https://registry.npmjs.org/content-disposition 111ms (cache miss)
320 silly packumentCache full:https://registry.npmjs.org/content-disposition set size:undefined disposed:false
321 http fetch GET 200 https://registry.npmjs.org/rollup 1674ms (cache miss)
322 silly packumentCache full:https://registry.npmjs.org/rollup set size:undefined disposed:false
323 http fetch GET 200 https://registry.npmjs.org/react-refresh 1489ms (cache miss)
324 silly packumentCache full:https://registry.npmjs.org/react-refresh set size:undefined disposed:false
325 http fetch GET 200 https://registry.npmjs.org/react-router 517ms (cache miss)
326 silly packumentCache full:https://registry.npmjs.org/react-router set size:undefined disposed:false
327 http fetch GET 200 https://registry.npmjs.org/scheduler 903ms (cache miss)
328 silly packumentCache full:https://registry.npmjs.org/scheduler set size:undefined disposed:false
329 silly placeDep ROOT @tailwindcss/node@4.3.3 OK for: @tailwindcss/vite@4.3.3 want: 4.3.3
330 silly placeDep ROOT @tailwindcss/oxide@4.3.3 OK for: @tailwindcss/vite@4.3.3 want: 4.3.3
331 silly fetch manifest jiti@^2.7.0
332 silly packumentCache full:https://registry.npmjs.org/jiti cache-miss
333 silly fetch manifest lightningcss@1.32.0
334 silly packumentCache full:https://registry.npmjs.org/lightningcss cache-miss
335 silly fetch manifest magic-string@^0.30.21
336 silly packumentCache full:https://registry.npmjs.org/magic-string cache-miss
337 silly fetch manifest source-map-js@^1.2.1
338 silly packumentCache full:https://registry.npmjs.org/source-map-js cache-miss
339 silly fetch manifest enhanced-resolve@^5.24.1
340 silly packumentCache full:https://registry.npmjs.org/enhanced-resolve cache-miss
341 silly fetch manifest @jridgewell/remapping@^2.3.5
342 silly packumentCache full:https://registry.npmjs.org/@jridgewell%2fremapping cache-miss
343 silly fetch manifest @tailwindcss/oxide-darwin-x64@4.3.3
344 silly packumentCache full:https://registry.npmjs.org/@tailwindcss%2foxide-darwin-x64 cache-miss
345 silly fetch manifest @tailwindcss/oxide-freebsd-x64@4.3.3
346 silly packumentCache full:https://registry.npmjs.org/@tailwindcss%2foxide-freebsd-x64 cache-miss
347 silly fetch manifest @tailwindcss/oxide-wasm32-wasi@4.3.3
348 silly packumentCache full:https://registry.npmjs.org/@tailwindcss%2foxide-wasm32-wasi cache-miss
349 silly fetch manifest @tailwindcss/oxide-darwin-arm64@4.3.3
350 silly packumentCache full:https://registry.npmjs.org/@tailwindcss%2foxide-darwin-arm64 cache-miss
351 silly fetch manifest @tailwindcss/oxide-android-arm64@4.3.3
352 silly packumentCache full:https://registry.npmjs.org/@tailwindcss%2foxide-android-arm64 cache-miss
353 http cache https://registry.npmjs.org/lightningcss 124ms (cache hit)
354 silly packumentCache full:https://registry.npmjs.org/lightningcss set size:191065 disposed:false
355 silly fetch manifest @tailwindcss/oxide-linux-x64-gnu@4.3.3
356 silly packumentCache full:https://registry.npmjs.org/@tailwindcss%2foxide-linux-x64-gnu cache-miss
357 http cache https://registry.npmjs.org/jiti 146ms (cache hit)
358 silly packumentCache full:https://registry.npmjs.org/jiti set size:387989 disposed:false
359 silly fetch manifest @tailwindcss/oxide-linux-x64-musl@4.3.3
360 silly packumentCache full:https://registry.npmjs.org/@tailwindcss%2foxide-linux-x64-musl cache-miss
361 http fetch GET 200 https://registry.npmjs.org/@jridgewell%2fremapping 177ms (cache miss)
362 silly packumentCache full:https://registry.npmjs.org/@jridgewell%2fremapping set size:undefined disposed:false
363 silly fetch manifest @tailwindcss/oxide-win32-x64-msvc@4.3.3
364 silly packumentCache full:https://registry.npmjs.org/@tailwindcss%2foxide-win32-x64-msvc cache-miss
365 http fetch GET 200 https://registry.npmjs.org/source-map-js 183ms (cache miss)
366 silly packumentCache full:https://registry.npmjs.org/source-map-js set size:undefined disposed:false
367 silly fetch manifest @tailwindcss/oxide-linux-arm64-gnu@4.3.3
368 silly packumentCache full:https://registry.npmjs.org/@tailwindcss%2foxide-linux-arm64-gnu cache-miss
369 http fetch GET 200 https://registry.npmjs.org/enhanced-resolve 201ms (cache miss)
370 silly packumentCache full:https://registry.npmjs.org/enhanced-resolve set size:undefined disposed:false
371 silly fetch manifest @tailwindcss/oxide-linux-arm64-musl@4.3.3
372 silly packumentCache full:https://registry.npmjs.org/@tailwindcss%2foxide-linux-arm64-musl cache-miss
373 http fetch GET 200 https://registry.npmjs.org/magic-string 433ms (cache miss)
374 silly packumentCache full:https://registry.npmjs.org/magic-string set size:undefined disposed:false
375 silly fetch manifest @tailwindcss/oxide-win32-arm64-msvc@4.3.3
376 silly packumentCache full:https://registry.npmjs.org/@tailwindcss%2foxide-win32-arm64-msvc cache-miss
377 http fetch GET 200 https://registry.npmjs.org/@tailwindcss%2foxide-wasm32-wasi 617ms (cache miss)
378 silly packumentCache full:https://registry.npmjs.org/@tailwindcss%2foxide-wasm32-wasi set size:undefined disposed:false
379 silly fetch manifest @tailwindcss/oxide-linux-arm-gnueabihf@4.3.3
380 silly packumentCache full:https://registry.npmjs.org/@tailwindcss%2foxide-linux-arm-gnueabihf cache-miss
381 http fetch GET 200 https://registry.npmjs.org/@tailwindcss%2foxide-freebsd-x64 660ms (cache miss)
382 silly packumentCache full:https://registry.npmjs.org/@tailwindcss%2foxide-freebsd-x64 set size:undefined disposed:false
383 http fetch GET 200 https://registry.npmjs.org/@tailwindcss%2foxide-android-arm64 687ms (cache miss)
384 silly packumentCache full:https://registry.npmjs.org/@tailwindcss%2foxide-android-arm64 set size:undefined disposed:false
385 http fetch GET 200 https://registry.npmjs.org/@tailwindcss%2foxide-linux-x64-gnu 669ms (cache miss)
386 silly packumentCache full:https://registry.npmjs.org/@tailwindcss%2foxide-linux-x64-gnu set size:undefined disposed:false
387 http fetch GET 200 https://registry.npmjs.org/@tailwindcss%2foxide-linux-x64-musl 677ms (cache miss)
388 silly packumentCache full:https://registry.npmjs.org/@tailwindcss%2foxide-linux-x64-musl set size:undefined disposed:false
389 http fetch GET 200 https://registry.npmjs.org/@tailwindcss%2foxide-linux-arm64-gnu 774ms (cache miss)
390 silly packumentCache full:https://registry.npmjs.org/@tailwindcss%2foxide-linux-arm64-gnu set size:undefined disposed:false
391 http fetch GET 200 https://registry.npmjs.org/@tailwindcss%2foxide-win32-x64-msvc 943ms (cache miss)
392 silly packumentCache full:https://registry.npmjs.org/@tailwindcss%2foxide-win32-x64-msvc set size:undefined disposed:false
393 http fetch GET 200 https://registry.npmjs.org/@tailwindcss%2foxide-linux-arm-gnueabihf 535ms (cache miss)
394 silly packumentCache full:https://registry.npmjs.org/@tailwindcss%2foxide-linux-arm-gnueabihf set size:undefined disposed:false
395 http fetch GET 200 https://registry.npmjs.org/@tailwindcss%2foxide-darwin-x64 1442ms (cache miss)
396 silly packumentCache full:https://registry.npmjs.org/@tailwindcss%2foxide-darwin-x64 set size:undefined disposed:false
397 http fetch GET 200 https://registry.npmjs.org/@tailwindcss%2foxide-darwin-arm64 1481ms (cache miss)
398 silly packumentCache full:https://registry.npmjs.org/@tailwindcss%2foxide-darwin-arm64 set size:undefined disposed:false
399 http fetch GET 200 https://registry.npmjs.org/@tailwindcss%2foxide-win32-arm64-msvc 1104ms (cache miss)
400 silly packumentCache full:https://registry.npmjs.org/@tailwindcss%2foxide-win32-arm64-msvc set size:undefined disposed:false
401 http fetch GET 200 https://registry.npmjs.org/@tailwindcss%2foxide-linux-arm64-musl 1684ms (cache miss)
402 silly packumentCache full:https://registry.npmjs.org/@tailwindcss%2foxide-linux-arm64-musl set size:undefined disposed:false
403 silly placeDep ROOT @jridgewell/remapping@2.3.5 OK for: @tailwindcss/node@4.3.3 want: ^2.3.5
404 silly placeDep ROOT enhanced-resolve@5.24.5 OK for: @tailwindcss/node@4.3.3 want: ^5.24.1
405 silly placeDep ROOT jiti@2.7.0 OK for: @tailwindcss/node@4.3.3 want: ^2.7.0
406 silly placeDep ROOT lightningcss@1.32.0 OK for: @tailwindcss/node@4.3.3 want: 1.32.0
407 silly placeDep ROOT magic-string@0.30.21 OK for: @tailwindcss/node@4.3.3 want: ^0.30.21
408 silly placeDep ROOT source-map-js@1.2.1 OK for: @tailwindcss/node@4.3.3 want: ^1.2.1
409 silly fetch manifest @jridgewell/gen-mapping@^0.3.5
410 silly packumentCache full:https://registry.npmjs.org/@jridgewell%2fgen-mapping cache-miss
411 silly fetch manifest @jridgewell/trace-mapping@^0.3.24
412 silly packumentCache full:https://registry.npmjs.org/@jridgewell%2ftrace-mapping cache-miss
413 silly fetch manifest tapable@^2.3.3
414 silly packumentCache full:https://registry.npmjs.org/tapable cache-miss
415 silly fetch manifest graceful-fs@^4.2.4
416 silly packumentCache full:https://registry.npmjs.org/graceful-fs cache-miss
417 silly fetch manifest detect-libc@^2.0.3
418 silly packumentCache full:https://registry.npmjs.org/detect-libc cache-miss
419 silly fetch manifest lightningcss-darwin-x64@1.32.0
420 silly packumentCache full:https://registry.npmjs.org/lightningcss-darwin-x64 cache-miss
421 silly fetch manifest lightningcss-freebsd-x64@1.32.0
422 silly packumentCache full:https://registry.npmjs.org/lightningcss-freebsd-x64 cache-miss
423 silly fetch manifest lightningcss-darwin-arm64@1.32.0
424 silly packumentCache full:https://registry.npmjs.org/lightningcss-darwin-arm64 cache-miss
425 silly fetch manifest lightningcss-android-arm64@1.32.0
426 silly packumentCache full:https://registry.npmjs.org/lightningcss-android-arm64 cache-miss
427 silly fetch manifest lightningcss-linux-x64-gnu@1.32.0
428 silly packumentCache full:https://registry.npmjs.org/lightningcss-linux-x64-gnu cache-miss
429 silly fetch manifest lightningcss-linux-x64-musl@1.32.0
430 silly packumentCache full:https://registry.npmjs.org/lightningcss-linux-x64-musl cache-miss
431 http fetch GET 200 https://registry.npmjs.org/lightningcss-darwin-x64 170ms (cache miss)
432 silly packumentCache full:https://registry.npmjs.org/lightningcss-darwin-x64 set size:undefined disposed:false
433 silly fetch manifest lightningcss-win32-x64-msvc@1.32.0
434 silly packumentCache full:https://registry.npmjs.org/lightningcss-win32-x64-msvc cache-miss
435 http fetch GET 200 https://registry.npmjs.org/lightningcss-android-arm64 191ms (cache miss)
436 silly packumentCache full:https://registry.npmjs.org/lightningcss-android-arm64 set size:undefined disposed:false
437 silly fetch manifest lightningcss-linux-arm64-gnu@1.32.0
438 silly packumentCache full:https://registry.npmjs.org/lightningcss-linux-arm64-gnu cache-miss
439 http fetch GET 200 https://registry.npmjs.org/detect-libc 201ms (cache miss)
440 silly packumentCache full:https://registry.npmjs.org/detect-libc set size:undefined disposed:false
441 silly fetch manifest lightningcss-linux-arm64-musl@1.32.0
442 silly packumentCache full:https://registry.npmjs.org/lightningcss-linux-arm64-musl cache-miss
443 http fetch GET 200 https://registry.npmjs.org/lightningcss-freebsd-x64 207ms (cache miss)
444 silly packumentCache full:https://registry.npmjs.org/lightningcss-freebsd-x64 set size:undefined disposed:false
445 silly fetch manifest lightningcss-win32-arm64-msvc@1.32.0
446 silly packumentCache full:https://registry.npmjs.org/lightningcss-win32-arm64-msvc cache-miss
447 http fetch GET 200 https://registry.npmjs.org/tapable 215ms (cache miss)
448 silly packumentCache full:https://registry.npmjs.org/tapable set size:undefined disposed:false
449 silly fetch manifest lightningcss-linux-arm-gnueabihf@1.32.0
450 silly packumentCache full:https://registry.npmjs.org/lightningcss-linux-arm-gnueabihf cache-miss
451 http fetch GET 200 https://registry.npmjs.org/lightningcss-linux-x64-musl 213ms (cache miss)
452 silly packumentCache full:https://registry.npmjs.org/lightningcss-linux-x64-musl set size:undefined disposed:false
453 silly fetch manifest @jridgewell/sourcemap-codec@^1.5.5
454 silly packumentCache full:https://registry.npmjs.org/@jridgewell%2fsourcemap-codec cache-miss
455 http fetch GET 200 https://registry.npmjs.org/@jridgewell%2fgen-mapping 228ms (cache miss)
456 silly packumentCache full:https://registry.npmjs.org/@jridgewell%2fgen-mapping set size:undefined disposed:false
457 http fetch GET 200 https://registry.npmjs.org/lightningcss-linux-x64-gnu 223ms (cache miss)
458 silly packumentCache full:https://registry.npmjs.org/lightningcss-linux-x64-gnu set size:undefined disposed:false
459 http fetch GET 200 https://registry.npmjs.org/graceful-fs 230ms (cache miss)
460 silly packumentCache full:https://registry.npmjs.org/graceful-fs set size:undefined disposed:false
461 http fetch GET 200 https://registry.npmjs.org/@jridgewell%2ftrace-mapping 235ms (cache miss)
462 silly packumentCache full:https://registry.npmjs.org/@jridgewell%2ftrace-mapping set size:undefined disposed:false
463 http fetch GET 200 https://registry.npmjs.org/lightningcss-win32-x64-msvc 148ms (cache miss)
464 silly packumentCache full:https://registry.npmjs.org/lightningcss-win32-x64-msvc set size:undefined disposed:false
465 http fetch GET 200 https://registry.npmjs.org/lightningcss-linux-arm64-gnu 141ms (cache miss)
466 silly packumentCache full:https://registry.npmjs.org/lightningcss-linux-arm64-gnu set size:undefined disposed:false
467 http fetch GET 200 https://registry.npmjs.org/lightningcss-win32-arm64-msvc 141ms (cache miss)
468 silly packumentCache full:https://registry.npmjs.org/lightningcss-win32-arm64-msvc set size:undefined disposed:false
469 http fetch GET 200 https://registry.npmjs.org/lightningcss-linux-arm64-musl 148ms (cache miss)
470 silly packumentCache full:https://registry.npmjs.org/lightningcss-linux-arm64-musl set size:undefined disposed:false
471 http fetch GET 200 https://registry.npmjs.org/lightningcss-darwin-arm64 400ms (cache miss)
472 silly packumentCache full:https://registry.npmjs.org/lightningcss-darwin-arm64 set size:undefined disposed:false
473 http fetch GET 200 https://registry.npmjs.org/lightningcss-linux-arm-gnueabihf 262ms (cache miss)
474 silly packumentCache full:https://registry.npmjs.org/lightningcss-linux-arm-gnueabihf set size:undefined disposed:false
475 http fetch GET 200 https://registry.npmjs.org/@jridgewell%2fsourcemap-codec 262ms (cache miss)
476 silly packumentCache full:https://registry.npmjs.org/@jridgewell%2fsourcemap-codec set size:undefined disposed:false
477 silly placeDep ROOT @jridgewell/gen-mapping@0.3.13 OK for: @jridgewell/remapping@2.3.5 want: ^0.3.5
478 silly placeDep ROOT @jridgewell/trace-mapping@0.3.31 OK for: @jridgewell/remapping@2.3.5 want: ^0.3.24
479 silly fetch manifest @jridgewell/sourcemap-codec@^1.5.0
480 silly packumentCache full:https://registry.npmjs.org/@jridgewell%2fsourcemap-codec cache-miss
481 silly fetch manifest @jridgewell/resolve-uri@^3.1.0
482 silly packumentCache full:https://registry.npmjs.org/@jridgewell%2fresolve-uri cache-miss
483 silly fetch manifest @jridgewell/sourcemap-codec@^1.4.14
484 silly packumentCache full:https://registry.npmjs.org/@jridgewell%2fsourcemap-codec cache-miss
485 http cache https://registry.npmjs.org/@jridgewell%2fsourcemap-codec 69ms (cache hit)
486 silly packumentCache full:https://registry.npmjs.org/@jridgewell%2fsourcemap-codec set size:51856 disposed:false
487 http cache https://registry.npmjs.org/@jridgewell%2fsourcemap-codec 74ms (cache hit)
488 silly packumentCache full:https://registry.npmjs.org/@jridgewell%2fsourcemap-codec set size:51856 disposed:false
489 silly packumentCache full:https://registry.npmjs.org/@jridgewell%2fsourcemap-codec dispose
490 http fetch GET 200 https://registry.npmjs.org/@jridgewell%2fresolve-uri 167ms (cache miss)
491 silly packumentCache full:https://registry.npmjs.org/@jridgewell%2fresolve-uri set size:undefined disposed:false
492 silly placeDep ROOT @jridgewell/sourcemap-codec@1.5.5 OK for: @jridgewell/gen-mapping@0.3.13 want: ^1.5.0
493 silly placeDep ROOT @jridgewell/resolve-uri@3.1.2 OK for: @jridgewell/trace-mapping@0.3.31 want: ^3.1.0
494 silly placeDep ROOT @tailwindcss/oxide-android-arm64@4.3.3 OK for: @tailwindcss/oxide@4.3.3 want: 4.3.3
495 silly placeDep ROOT @tailwindcss/oxide-darwin-arm64@4.3.3 OK for: @tailwindcss/oxide@4.3.3 want: 4.3.3
496 silly placeDep ROOT @tailwindcss/oxide-darwin-x64@4.3.3 OK for: @tailwindcss/oxide@4.3.3 want: 4.3.3
497 silly placeDep ROOT @tailwindcss/oxide-freebsd-x64@4.3.3 OK for: @tailwindcss/oxide@4.3.3 want: 4.3.3
498 silly placeDep ROOT @tailwindcss/oxide-linux-arm-gnueabihf@4.3.3 OK for: @tailwindcss/oxide@4.3.3 want: 4.3.3
499 silly placeDep ROOT @tailwindcss/oxide-linux-arm64-gnu@4.3.3 OK for: @tailwindcss/oxide@4.3.3 want: 4.3.3
500 silly placeDep ROOT @tailwindcss/oxide-linux-arm64-musl@4.3.3 OK for: @tailwindcss/oxide@4.3.3 want: 4.3.3
501 silly placeDep ROOT @tailwindcss/oxide-linux-x64-gnu@4.3.3 OK for: @tailwindcss/oxide@4.3.3 want: 4.3.3
502 silly placeDep ROOT @tailwindcss/oxide-linux-x64-musl@4.3.3 OK for: @tailwindcss/oxide@4.3.3 want: 4.3.3
503 silly placeDep ROOT @tailwindcss/oxide-wasm32-wasi@4.3.3 OK for: @tailwindcss/oxide@4.3.3 want: 4.3.3
504 silly placeDep ROOT @tailwindcss/oxide-win32-arm64-msvc@4.3.3 OK for: @tailwindcss/oxide@4.3.3 want: 4.3.3
505 silly placeDep ROOT @tailwindcss/oxide-win32-x64-msvc@4.3.3 OK for: @tailwindcss/oxide@4.3.3 want: 4.3.3
506 silly placeDep ROOT @babel/core@7.29.7 OK for: @vitejs/plugin-react@5.2.0 want: ^7.29.0
507 silly placeDep ROOT @babel/plugin-transform-react-jsx-self@7.29.7 OK for: @vitejs/plugin-react@5.2.0 want: ^7.27.1
508 silly placeDep ROOT @babel/plugin-transform-react-jsx-source@7.29.7 OK for: @vitejs/plugin-react@5.2.0 want: ^7.27.1
509 silly placeDep ROOT @rolldown/pluginutils@1.0.0-rc.3 OK for: @vitejs/plugin-react@5.2.0 want: 1.0.0-rc.3
510 silly placeDep ROOT @types/babel__core@7.20.5 OK for: @vitejs/plugin-react@5.2.0 want: ^7.20.5
511 silly placeDep ROOT react-refresh@0.18.0 OK for: @vitejs/plugin-react@5.2.0 want: ^0.18.0
512 silly fetch manifest debug@^4.1.0
513 silly packumentCache full:https://registry.npmjs.org/debug cache-miss
514 silly fetch manifest json5@^2.2.3
515 silly packumentCache full:https://registry.npmjs.org/json5 cache-miss
516 silly fetch manifest semver@^6.3.1
517 silly packumentCache full:https://registry.npmjs.org/semver cache-miss
518 silly fetch manifest gensync@^1.0.0-beta.2
519 silly packumentCache full:https://registry.npmjs.org/gensync cache-miss
520 silly fetch manifest @babel/types@^7.29.7
521 silly packumentCache full:https://registry.npmjs.org/@babel%2ftypes cache-miss
522 silly fetch manifest @babel/parser@^7.29.7
523 silly packumentCache full:https://registry.npmjs.org/@babel%2fparser cache-miss
524 silly fetch manifest @babel/helpers@^7.29.7
525 silly packumentCache full:https://registry.npmjs.org/@babel%2fhelpers cache-miss
526 silly fetch manifest @babel/template@^7.29.7
527 silly packumentCache full:https://registry.npmjs.org/@babel%2ftemplate cache-miss
528 silly fetch manifest @babel/traverse@^7.29.7
529 silly packumentCache full:https://registry.npmjs.org/@babel%2ftraverse cache-miss
530 silly fetch manifest @babel/generator@^7.29.7
531 silly packumentCache full:https://registry.npmjs.org/@babel%2fgenerator cache-miss
532 silly fetch manifest @babel/code-frame@^7.29.7
533 silly packumentCache full:https://registry.npmjs.org/@babel%2fcode-frame cache-miss
534 http cache https://registry.npmjs.org/debug 59ms (cache hit)
535 silly packumentCache full:https://registry.npmjs.org/debug set size:195840 disposed:false
536 silly fetch manifest convert-source-map@^2.0.0
537 silly packumentCache full:https://registry.npmjs.org/convert-source-map cache-miss
538 http fetch GET 200 https://registry.npmjs.org/gensync 126ms (cache miss)
539 silly packumentCache full:https://registry.npmjs.org/gensync set size:undefined disposed:false
540 silly fetch manifest @babel/helper-module-transforms@^7.29.7
541 silly packumentCache full:https://registry.npmjs.org/@babel%2fhelper-module-transforms cache-miss
542 http fetch GET 200 https://registry.npmjs.org/json5 135ms (cache miss)
543 silly packumentCache full:https://registry.npmjs.org/json5 set size:undefined disposed:false
544 silly fetch manifest @babel/helper-compilation-targets@^7.29.7
545 silly packumentCache full:https://registry.npmjs.org/@babel%2fhelper-compilation-targets cache-miss
546 http fetch GET 200 https://registry.npmjs.org/@babel%2fparser 163ms (cache miss)
547 silly packumentCache full:https://registry.npmjs.org/@babel%2fparser set size:undefined disposed:false
548 silly fetch manifest @babel/helper-plugin-utils@^7.29.7
549 silly packumentCache full:https://registry.npmjs.org/@babel%2fhelper-plugin-utils cache-miss
550 http fetch GET 200 https://registry.npmjs.org/@babel%2fgenerator 197ms (cache miss)
551 silly packumentCache full:https://registry.npmjs.org/@babel%2fgenerator set size:undefined disposed:false
552 silly fetch manifest @babel/helper-plugin-utils@^7.29.7
553 silly packumentCache full:https://registry.npmjs.org/@babel%2fhelper-plugin-utils cache-miss
554 http fetch GET 200 https://registry.npmjs.org/convert-source-map 160ms (cache miss)
555 silly packumentCache full:https://registry.npmjs.org/convert-source-map set size:undefined disposed:false
556 silly fetch manifest @babel/types@^7.20.7
557 silly packumentCache full:https://registry.npmjs.org/@babel%2ftypes cache-miss
558 http fetch GET 200 https://registry.npmjs.org/@babel%2fcode-frame 234ms (cache miss)
559 silly packumentCache full:https://registry.npmjs.org/@babel%2fcode-frame set size:undefined disposed:false
560 silly fetch manifest @babel/parser@^7.20.7
561 silly packumentCache full:https://registry.npmjs.org/@babel%2fparser cache-miss
562 http fetch GET 200 https://registry.npmjs.org/semver 271ms (cache miss)
563 silly packumentCache full:https://registry.npmjs.org/semver set size:undefined disposed:false
564 silly fetch manifest @types/babel__template@*
565 silly packumentCache full:https://registry.npmjs.org/@types%2fbabel__template cache-miss
566 http fetch GET 200 https://registry.npmjs.org/@babel%2ftemplate 283ms (cache miss)
567 silly packumentCache full:https://registry.npmjs.org/@babel%2ftemplate set size:undefined disposed:false
568 silly fetch manifest @types/babel__traverse@*
569 silly packumentCache full:https://registry.npmjs.org/@types%2fbabel__traverse cache-miss
570 http fetch GET 200 https://registry.npmjs.org/@babel%2ftypes 298ms (cache miss)
571 silly packumentCache full:https://registry.npmjs.org/@babel%2ftypes set size:undefined disposed:false
572 silly fetch manifest @types/babel__generator@*
573 silly packumentCache full:https://registry.npmjs.org/@types%2fbabel__generator cache-miss
574 http fetch GET 200 https://registry.npmjs.org/@babel%2fhelper-compilation-targets 198ms (cache miss)
575 silly packumentCache full:https://registry.npmjs.org/@babel%2fhelper-compilation-targets set size:undefined disposed:false
576 http fetch GET 200 https://registry.npmjs.org/@babel%2fhelpers 348ms (cache miss)
577 silly packumentCache full:https://registry.npmjs.org/@babel%2fhelpers set size:undefined disposed:false
578 http fetch GET 200 https://registry.npmjs.org/@babel%2fhelper-plugin-utils 149ms (cache miss)
579 silly packumentCache full:https://registry.npmjs.org/@babel%2fhelper-plugin-utils set size:undefined disposed:false
580 http fetch GET 200 https://registry.npmjs.org/@babel%2fhelper-plugin-utils 190ms (cache miss)
581 silly packumentCache full:https://registry.npmjs.org/@babel%2fhelper-plugin-utils set size:undefined disposed:false
582 http cache https://registry.npmjs.org/@babel%2fparser 131ms (cache hit)
583 silly packumentCache full:https://registry.npmjs.org/@babel%2fparser set size:737961 disposed:false
584 http fetch GET 200 https://registry.npmjs.org/@babel%2ftraverse 408ms (cache miss)
585 silly packumentCache full:https://registry.npmjs.org/@babel%2ftraverse set size:undefined disposed:false
586 http fetch GET 200 https://registry.npmjs.org/@babel%2fhelper-module-transforms 301ms (cache miss)
587 silly packumentCache full:https://registry.npmjs.org/@babel%2fhelper-module-transforms set size:undefined disposed:false
588 http fetch GET 200 https://registry.npmjs.org/@babel%2ftypes 215ms (cache miss)
589 silly packumentCache full:https://registry.npmjs.org/@babel%2ftypes set size:undefined disposed:false
590 http fetch GET 200 https://registry.npmjs.org/@types%2fbabel__template 175ms (cache miss)
591 silly packumentCache full:https://registry.npmjs.org/@types%2fbabel__template set size:undefined disposed:false
592 http fetch GET 200 https://registry.npmjs.org/@types%2fbabel__generator 145ms (cache miss)
593 silly packumentCache full:https://registry.npmjs.org/@types%2fbabel__generator set size:undefined disposed:false
594 http fetch GET 200 https://registry.npmjs.org/@types%2fbabel__traverse 163ms (cache miss)
595 silly packumentCache full:https://registry.npmjs.org/@types%2fbabel__traverse set size:undefined disposed:false
596 silly fetch manifest @babel/core@^7.0.0
597 silly packumentCache full:https://registry.npmjs.org/@babel%2fcore cache-miss
598 http cache https://registry.npmjs.org/@babel%2fcore 72ms (cache hit)
599 silly packumentCache full:https://registry.npmjs.org/@babel%2fcore set size:788273 disposed:false
600 silly placeDep ROOT @babel/code-frame@7.29.7 OK for: @babel/core@7.29.7 want: ^7.29.7
601 silly placeDep ROOT @babel/generator@7.29.8 OK for: @babel/core@7.29.7 want: ^7.29.7
602 silly placeDep ROOT @babel/helper-compilation-targets@7.29.7 OK for: @babel/core@7.29.7 want: ^7.29.7
603 silly placeDep ROOT @babel/helper-module-transforms@7.29.7 OK for: @babel/core@7.29.7 want: ^7.29.7
604 silly placeDep ROOT @babel/helpers@7.29.7 OK for: @babel/core@7.29.7 want: ^7.29.7
605 silly placeDep ROOT @babel/parser@7.29.8 OK for: @babel/core@7.29.7 want: ^7.29.7
606 silly placeDep ROOT @babel/template@7.29.7 OK for: @babel/core@7.29.7 want: ^7.29.7
607 silly placeDep ROOT @babel/traverse@7.29.8 OK for: @babel/core@7.29.7 want: ^7.29.7
608 silly placeDep ROOT @babel/types@7.29.8 OK for: @babel/core@7.29.7 want: ^7.29.7
609 silly placeDep ROOT convert-source-map@2.0.0 OK for: @babel/core@7.29.7 want: ^2.0.0
610 silly placeDep ROOT debug@4.4.3 OK for: @babel/core@7.29.7 want: ^4.1.0
611 silly placeDep ROOT gensync@1.0.0-beta.2 OK for: @babel/core@7.29.7 want: ^1.0.0-beta.2
612 silly placeDep ROOT json5@2.2.3 OK for: @babel/core@7.29.7 want: ^2.2.3
613 silly placeDep ROOT semver@6.3.1 OK for: @babel/core@7.29.7 want: ^6.3.1
614 silly fetch manifest js-tokens@^4.0.0
615 silly packumentCache full:https://registry.npmjs.org/js-tokens cache-miss
616 silly fetch manifest picocolors@^1.1.1
617 silly packumentCache full:https://registry.npmjs.org/picocolors cache-miss
618 silly fetch manifest @babel/helper-validator-identifier@^7.29.7
619 silly packumentCache full:https://registry.npmjs.org/@babel%2fhelper-validator-identifier cache-miss
620 silly fetch manifest jsesc@^3.0.2
621 silly packumentCache full:https://registry.npmjs.org/jsesc cache-miss
622 silly fetch manifest @babel/types@^7.29.8
623 silly packumentCache full:https://registry.npmjs.org/@babel%2ftypes cache-miss
624 silly fetch manifest @babel/parser@^7.29.8
625 silly packumentCache full:https://registry.npmjs.org/@babel%2fparser cache-hit
626 silly fetch manifest lru-cache@^5.1.1
627 silly packumentCache full:https://registry.npmjs.org/lru-cache cache-miss
628 silly fetch manifest browserslist@^4.24.0
629 silly packumentCache full:https://registry.npmjs.org/browserslist cache-miss
630 silly fetch manifest @babel/compat-data@^7.29.7
631 silly packumentCache full:https://registry.npmjs.org/@babel%2fcompat-data cache-miss
632 silly fetch manifest @babel/helper-validator-option@^7.29.7
633 silly packumentCache full:https://registry.npmjs.org/@babel%2fhelper-validator-option cache-miss
634 silly fetch manifest @babel/helper-module-imports@^7.29.7
635 silly packumentCache full:https://registry.npmjs.org/@babel%2fhelper-module-imports cache-miss
636 silly fetch manifest @babel/helper-validator-identifier@^7.29.7
637 silly packumentCache full:https://registry.npmjs.org/@babel%2fhelper-validator-identifier cache-miss
638 http cache https://registry.npmjs.org/@babel%2ftypes 83ms (cache hit)
639 silly packumentCache full:https://registry.npmjs.org/@babel%2ftypes set size:502938 disposed:false
640 silly fetch manifest debug@^4.3.1
641 silly packumentCache full:https://registry.npmjs.org/debug cache-hit
642 silly fetch manifest @babel/helper-globals@^7.29.7
643 silly packumentCache full:https://registry.npmjs.org/@babel%2fhelper-globals cache-miss
644 http fetch GET 200 https://registry.npmjs.org/jsesc 120ms (cache miss)
645 silly packumentCache full:https://registry.npmjs.org/jsesc set size:undefined disposed:false
646 silly fetch manifest @babel/helper-string-parser@^7.29.7
647 silly packumentCache full:https://registry.npmjs.org/@babel%2fhelper-string-parser cache-miss
648 http fetch GET 200 https://registry.npmjs.org/js-tokens 148ms (cache miss)
649 silly packumentCache full:https://registry.npmjs.org/js-tokens set size:undefined disposed:false
650 silly fetch manifest @babel/helper-validator-identifier@^7.29.7
651 silly packumentCache full:https://registry.npmjs.org/@babel%2fhelper-validator-identifier cache-miss
652 http fetch GET 200 https://registry.npmjs.org/picocolors 170ms (cache miss)
653 silly packumentCache full:https://registry.npmjs.org/picocolors set size:undefined disposed:false
654 silly fetch manifest ms@^2.1.3
655 silly packumentCache full:https://registry.npmjs.org/ms cache-miss
656 http fetch GET 200 https://registry.npmjs.org/@babel%2fhelper-validator-option 170ms (cache miss)
657 silly packumentCache full:https://registry.npmjs.org/@babel%2fhelper-validator-option set size:undefined disposed:false
658 http fetch GET 200 https://registry.npmjs.org/@babel%2fhelper-validator-identifier 169ms (cache miss)
659 silly packumentCache full:https://registry.npmjs.org/@babel%2fhelper-validator-identifier set size:undefined disposed:false
660 http fetch GET 200 https://registry.npmjs.org/@babel%2fhelper-validator-identifier 190ms (cache miss)
661 silly packumentCache full:https://registry.npmjs.org/@babel%2fhelper-validator-identifier set size:undefined disposed:false
662 http fetch GET 200 https://registry.npmjs.org/@babel%2fhelper-globals 111ms (cache miss)
663 silly packumentCache full:https://registry.npmjs.org/@babel%2fhelper-globals set size:undefined disposed:false
664 http fetch GET 200 https://registry.npmjs.org/lru-cache 235ms (cache miss)
665 silly packumentCache full:https://registry.npmjs.org/lru-cache set size:undefined disposed:false
666 http fetch GET 200 https://registry.npmjs.org/@babel%2fcompat-data 249ms (cache miss)
667 silly packumentCache full:https://registry.npmjs.org/@babel%2fcompat-data set size:undefined disposed:false
668 http fetch GET 200 https://registry.npmjs.org/browserslist 275ms (cache miss)
669 silly packumentCache full:https://registry.npmjs.org/browserslist set size:undefined disposed:false
670 http fetch GET 200 https://registry.npmjs.org/@babel%2fhelper-validator-identifier 147ms (cache miss)
671 silly packumentCache full:https://registry.npmjs.org/@babel%2fhelper-validator-identifier set size:undefined disposed:false
672 http fetch GET 200 https://registry.npmjs.org/ms 140ms (cache miss)
673 silly packumentCache full:https://registry.npmjs.org/ms set size:undefined disposed:false
674 http fetch GET 200 https://registry.npmjs.org/@babel%2fhelper-module-imports 371ms (cache miss)
675 silly packumentCache full:https://registry.npmjs.org/@babel%2fhelper-module-imports set size:undefined disposed:false
676 http fetch GET 200 https://registry.npmjs.org/@babel%2fhelper-string-parser 354ms (cache miss)
677 silly packumentCache full:https://registry.npmjs.org/@babel%2fhelper-string-parser set size:undefined disposed:false
678 silly placeDep ROOT @babel/helper-validator-identifier@7.29.7 OK for: @babel/code-frame@7.29.7 want: ^7.29.7
679 silly placeDep ROOT js-tokens@4.0.0 OK for: @babel/code-frame@7.29.7 want: ^4.0.0
680 silly placeDep ROOT picocolors@1.1.1 OK for: @babel/code-frame@7.29.7 want: ^1.1.1
681 silly placeDep ROOT jsesc@3.1.0 OK for: @babel/generator@7.29.8 want: ^3.0.2
682 silly placeDep ROOT @babel/compat-data@7.29.7 OK for: @babel/helper-compilation-targets@7.29.7 want: ^7.29.7
683 silly placeDep ROOT @babel/helper-validator-option@7.29.7 OK for: @babel/helper-compilation-targets@7.29.7 want: ^7.29.7
684 silly placeDep ROOT browserslist@4.28.8 OK for: @babel/helper-compilation-targets@7.29.7 want: ^4.24.0
685 silly placeDep ROOT lru-cache@5.1.1 OK for: @babel/helper-compilation-targets@7.29.7 want: ^5.1.1
686 silly fetch manifest caniuse-lite@^1.0.30001809
687 silly packumentCache full:https://registry.npmjs.org/caniuse-lite cache-miss
688 silly fetch manifest node-releases@^2.0.53
689 silly packumentCache full:https://registry.npmjs.org/node-releases cache-miss
690 silly fetch manifest electron-to-chromium@^1.5.402
691 silly packumentCache full:https://registry.npmjs.org/electron-to-chromium cache-miss
692 silly fetch manifest update-browserslist-db@^1.3.0
693 silly packumentCache full:https://registry.npmjs.org/update-browserslist-db cache-miss
694 silly fetch manifest baseline-browser-mapping@^2.11.12
695 silly packumentCache full:https://registry.npmjs.org/baseline-browser-mapping cache-miss
696 silly fetch manifest yallist@^3.0.2
697 silly packumentCache full:https://registry.npmjs.org/yallist cache-miss
698 http fetch GET 200 https://registry.npmjs.org/baseline-browser-mapping 139ms (cache miss)
699 silly packumentCache full:https://registry.npmjs.org/baseline-browser-mapping set size:undefined disposed:false
700 http fetch GET 200 https://registry.npmjs.org/update-browserslist-db 176ms (cache miss)
701 silly packumentCache full:https://registry.npmjs.org/update-browserslist-db set size:undefined disposed:false
702 http fetch GET 200 https://registry.npmjs.org/node-releases 183ms (cache miss)
703 silly packumentCache full:https://registry.npmjs.org/node-releases set size:undefined disposed:false
704 http fetch GET 200 https://registry.npmjs.org/yallist 187ms (cache miss)
705 silly packumentCache full:https://registry.npmjs.org/yallist set size:undefined disposed:false
706 http fetch GET 200 https://registry.npmjs.org/caniuse-lite 818ms (cache miss)
707 silly packumentCache full:https://registry.npmjs.org/caniuse-lite set size:undefined disposed:false
708 http fetch GET 200 https://registry.npmjs.org/electron-to-chromium 1792ms (cache miss)
709 silly packumentCache full:https://registry.npmjs.org/electron-to-chromium set size:undefined disposed:false
710 silly placeDep ROOT @babel/helper-module-imports@7.29.7 OK for: @babel/helper-module-transforms@7.29.7 want: ^7.29.7
711 silly placeDep ROOT @babel/helper-plugin-utils@7.29.7 OK for: @babel/plugin-transform-react-jsx-self@7.29.7 want: ^7.29.7
712 silly placeDep ROOT @babel/helper-globals@7.29.7 OK for: @babel/traverse@7.29.8 want: ^7.29.7
713 silly placeDep ROOT @babel/helper-string-parser@7.29.7 OK for: @babel/types@7.29.8 want: ^7.29.7
714 silly placeDep ROOT @types/babel__generator@7.27.0 OK for: @types/babel__core@7.20.5 want: *
715 silly placeDep ROOT @types/babel__template@7.4.4 OK for: @types/babel__core@7.20.5 want: *
716 silly placeDep ROOT @types/babel__traverse@7.28.0 OK for: @types/babel__core@7.20.5 want: *
717 silly fetch manifest browserslist@>= 4.21.0
718 silly packumentCache full:https://registry.npmjs.org/browserslist cache-miss
719 http cache https://registry.npmjs.org/browserslist 54ms (cache hit)
720 silly packumentCache full:https://registry.npmjs.org/browserslist set size:518659 disposed:false
721 silly placeDep ROOT baseline-browser-mapping@2.11.14 OK for: browserslist@4.28.8 want: ^2.11.12
722 silly placeDep ROOT caniuse-lite@1.0.30001809 OK for: browserslist@4.28.8 want: ^1.0.30001809
723 silly placeDep ROOT electron-to-chromium@1.5.407 OK for: browserslist@4.28.8 want: ^1.5.402
724 silly placeDep ROOT node-releases@2.0.53 OK for: browserslist@4.28.8 want: ^2.0.53
725 silly placeDep ROOT update-browserslist-db@1.3.1 OK for: browserslist@4.28.8 want: ^1.3.0
726 silly fetch manifest escalade@^3.2.0
727 silly packumentCache full:https://registry.npmjs.org/escalade cache-miss
728 http fetch GET 200 https://registry.npmjs.org/escalade 105ms (cache miss)
729 silly packumentCache full:https://registry.npmjs.org/escalade set size:undefined disposed:false
730 silly placeDep ROOT chalk@4.1.2 OK for: concurrently@9.2.4 want: 4.1.2
731 silly placeDep ROOT rxjs@7.8.2 OK for: concurrently@9.2.4 want: 7.8.2
732 silly placeDep ROOT shell-quote@1.9.0 OK for: concurrently@9.2.4 want: 1.9.0
733 silly placeDep ROOT supports-color@8.1.1 OK for: concurrently@9.2.4 want: 8.1.1
734 silly placeDep ROOT tree-kill@1.2.2 OK for: concurrently@9.2.4 want: 1.2.2
735 silly placeDep ROOT yargs@17.7.2 OK for: concurrently@9.2.4 want: 17.7.2
736 silly fetch manifest ansi-styles@^4.1.0
737 silly packumentCache full:https://registry.npmjs.org/ansi-styles cache-miss
738 silly fetch manifest supports-color@^7.1.0
739 silly packumentCache full:https://registry.npmjs.org/supports-color cache-miss
740 silly fetch manifest tslib@^2.1.0
741 silly packumentCache full:https://registry.npmjs.org/tslib cache-miss
742 silly fetch manifest has-flag@^4.0.0
743 silly packumentCache full:https://registry.npmjs.org/has-flag cache-miss
744 silly fetch manifest y18n@^5.0.5
745 silly packumentCache full:https://registry.npmjs.org/y18n cache-miss
746 silly fetch manifest cliui@^8.0.1
747 silly packumentCache full:https://registry.npmjs.org/cliui cache-miss
748 silly fetch manifest escalade@^3.1.1
749 silly packumentCache full:https://registry.npmjs.org/escalade cache-miss
750 silly fetch manifest string-width@^4.2.3
751 silly packumentCache full:https://registry.npmjs.org/string-width cache-miss
752 silly fetch manifest yargs-parser@^21.1.1
753 silly packumentCache full:https://registry.npmjs.org/yargs-parser cache-miss
754 silly fetch manifest get-caller-file@^2.0.5
755 silly packumentCache full:https://registry.npmjs.org/get-caller-file cache-miss
756 silly fetch manifest require-directory@^2.1.1
757 silly packumentCache full:https://registry.npmjs.org/require-directory cache-miss
758 http cache https://registry.npmjs.org/escalade 46ms (cache hit)
759 silly packumentCache full:https://registry.npmjs.org/escalade set size:33724 disposed:false
760 http cache https://registry.npmjs.org/supports-color 56ms (cache hit)
761 silly packumentCache full:https://registry.npmjs.org/supports-color set size:124169 disposed:false
762 http fetch GET 200 https://registry.npmjs.org/has-flag 134ms (cache miss)
763 silly packumentCache full:https://registry.npmjs.org/has-flag set size:undefined disposed:false
764 http fetch GET 200 https://registry.npmjs.org/y18n 140ms (cache miss)
765 silly packumentCache full:https://registry.npmjs.org/y18n set size:undefined disposed:false
766 http fetch GET 200 https://registry.npmjs.org/get-caller-file 141ms (cache miss)
767 silly packumentCache full:https://registry.npmjs.org/get-caller-file set size:undefined disposed:false
768 http fetch GET 200 https://registry.npmjs.org/ansi-styles 150ms (cache miss)
769 silly packumentCache full:https://registry.npmjs.org/ansi-styles set size:undefined disposed:false
770 http fetch GET 200 https://registry.npmjs.org/require-directory 145ms (cache miss)
771 silly packumentCache full:https://registry.npmjs.org/require-directory set size:undefined disposed:false
772 http fetch GET 200 https://registry.npmjs.org/tslib 162ms (cache miss)
773 silly packumentCache full:https://registry.npmjs.org/tslib set size:undefined disposed:false
774 http fetch GET 200 https://registry.npmjs.org/string-width 164ms (cache miss)
775 silly packumentCache full:https://registry.npmjs.org/string-width set size:undefined disposed:false
776 http fetch GET 200 https://registry.npmjs.org/cliui 227ms (cache miss)
777 silly packumentCache full:https://registry.npmjs.org/cliui set size:undefined disposed:false
778 http fetch GET 200 https://registry.npmjs.org/yargs-parser 233ms (cache miss)
779 silly packumentCache full:https://registry.npmjs.org/yargs-parser set size:undefined disposed:false
780 silly placeDep ROOT ansi-styles@4.3.0 OK for: chalk@4.1.2 want: ^4.1.0
781 silly placeDep node_modules/chalk supports-color@7.2.0 OK for: chalk@4.1.2 want: ^7.1.0
782 silly fetch manifest color-convert@^2.0.1
783 silly packumentCache full:https://registry.npmjs.org/color-convert cache-miss
784 http fetch GET 200 https://registry.npmjs.org/color-convert 120ms (cache miss)
785 silly packumentCache full:https://registry.npmjs.org/color-convert set size:undefined disposed:false
786 silly placeDep ROOT color-convert@2.0.1 OK for: ansi-styles@4.3.0 want: ^2.0.1
787 silly fetch manifest color-name@~1.1.4
788 silly packumentCache full:https://registry.npmjs.org/color-name cache-miss
789 http fetch GET 200 https://registry.npmjs.org/color-name 91ms (cache miss)
790 silly packumentCache full:https://registry.npmjs.org/color-name set size:undefined disposed:false
791 silly placeDep ROOT color-name@1.1.4 OK for: color-convert@2.0.1 want: ~1.1.4
792 silly placeDep ROOT object-assign@4.1.1 OK for: cors@2.8.6 want: ^4
793 silly placeDep ROOT vary@1.1.2 OK for: cors@2.8.6 want: ^1
794 silly placeDep ROOT ms@2.1.3 OK for: debug@4.4.3 want: ^2.1.3
795 silly placeDep ROOT graceful-fs@4.2.11 OK for: enhanced-resolve@5.24.5 want: ^4.2.4
796 silly placeDep ROOT tapable@2.3.3 OK for: enhanced-resolve@5.24.5 want: ^2.3.3
797 silly placeDep ROOT accepts@2.0.0 OK for: express@5.2.1 want: ^2.0.0
798 silly placeDep ROOT body-parser@2.3.0 OK for: express@5.2.1 want: ^2.2.1
799 silly placeDep ROOT content-disposition@1.1.0 OK for: express@5.2.1 want: ^1.0.0
800 silly placeDep ROOT content-type@1.0.5 OK for: express@5.2.1 want: ^1.0.5
801 silly placeDep ROOT cookie@0.7.2 OK for: express@5.2.1 want: ^0.7.1
802 silly placeDep ROOT cookie-signature@1.2.2 OK for: express@5.2.1 want: ^1.2.1
803 silly placeDep ROOT depd@2.0.0 OK for: express@5.2.1 want: ^2.0.0
804 silly placeDep ROOT encodeurl@2.0.0 OK for: express@5.2.1 want: ^2.0.0
805 silly placeDep ROOT escape-html@1.0.3 OK for: express@5.2.1 want: ^1.0.3
806 silly placeDep ROOT etag@1.8.1 OK for: express@5.2.1 want: ^1.8.1
807 silly placeDep ROOT finalhandler@2.1.1 OK for: express@5.2.1 want: ^2.1.0
808 silly placeDep ROOT fresh@2.0.0 OK for: express@5.2.1 want: ^2.0.0
809 silly placeDep ROOT http-errors@2.0.1 OK for: express@5.2.1 want: ^2.0.0
810 silly placeDep ROOT merge-descriptors@2.0.0 OK for: express@5.2.1 want: ^2.0.0
811 silly placeDep ROOT mime-types@3.0.2 OK for: express@5.2.1 want: ^3.0.0
812 silly placeDep ROOT on-finished@2.4.1 OK for: express@5.2.1 want: ^2.4.1
813 silly placeDep ROOT once@1.4.0 OK for: express@5.2.1 want: ^1.4.0
814 silly placeDep ROOT parseurl@1.3.3 OK for: express@5.2.1 want: ^1.3.3
815 silly placeDep ROOT proxy-addr@2.0.7 OK for: express@5.2.1 want: ^2.0.7
816 silly placeDep ROOT qs@6.15.3 OK for: express@5.2.1 want: ^6.14.0
817 silly placeDep ROOT range-parser@1.3.0 OK for: express@5.2.1 want: ^1.2.1
818 silly placeDep ROOT router@2.2.0 OK for: express@5.2.1 want: ^2.2.0
819 silly placeDep ROOT send@1.2.1 OK for: express@5.2.1 want: ^1.1.0
820 silly placeDep ROOT serve-static@2.2.1 OK for: express@5.2.1 want: ^2.2.0
821 silly placeDep ROOT statuses@2.0.2 OK for: express@5.2.1 want: ^2.0.1
822 silly placeDep ROOT type-is@2.1.0 OK for: express@5.2.1 want: ^2.0.1
823 silly fetch manifest negotiator@^1.0.0
824 silly packumentCache full:https://registry.npmjs.org/negotiator cache-miss
825 silly fetch manifest qs@^6.15.2
826 silly packumentCache full:https://registry.npmjs.org/qs cache-miss
827 silly fetch manifest bytes@^3.1.2
828 silly packumentCache full:https://registry.npmjs.org/bytes cache-miss
829 silly fetch manifest type-is@^2.1.0
830 silly packumentCache full:https://registry.npmjs.org/type-is cache-miss
831 silly fetch manifest raw-body@^3.0.2
832 silly packumentCache full:https://registry.npmjs.org/raw-body cache-miss
833 silly fetch manifest iconv-lite@^0.7.2
834 silly packumentCache full:https://registry.npmjs.org/iconv-lite cache-miss
835 silly fetch manifest http-errors@^2.0.1
836 silly packumentCache full:https://registry.npmjs.org/http-errors cache-miss
837 silly fetch manifest content-type@^2.0.0
838 silly packumentCache full:https://registry.npmjs.org/content-type cache-miss
839 silly fetch manifest inherits@~2.0.4
840 silly packumentCache full:https://registry.npmjs.org/inherits cache-miss
841 silly fetch manifest setprototypeof@~1.2.0
842 silly packumentCache full:https://registry.npmjs.org/setprototypeof cache-miss
843 silly fetch manifest statuses@~2.0.2
844 silly packumentCache full:https://registry.npmjs.org/statuses cache-miss
845 http cache https://registry.npmjs.org/content-type 45ms (cache hit)
846 silly packumentCache full:https://registry.npmjs.org/content-type set size:21479 disposed:false
847 silly fetch manifest toidentifier@~1.0.1
848 silly packumentCache full:https://registry.npmjs.org/toidentifier cache-miss
849 http cache https://registry.npmjs.org/http-errors 53ms (cache hit)
850 silly packumentCache full:https://registry.npmjs.org/http-errors set size:71987 disposed:false
851 silly fetch manifest mime-db@^1.54.0
852 silly packumentCache full:https://registry.npmjs.org/mime-db cache-miss
853 http cache https://registry.npmjs.org/type-is 58ms (cache hit)
854 silly packumentCache full:https://registry.npmjs.org/type-is set size:88614 disposed:false
855 silly fetch manifest ee-first@1.1.1
856 silly packumentCache full:https://registry.npmjs.org/ee-first cache-miss
857 http cache https://registry.npmjs.org/statuses 58ms (cache hit)
858 silly packumentCache full:https://registry.npmjs.org/statuses set size:37117 disposed:false
859 silly fetch manifest wrappy@1
860 silly packumentCache full:https://registry.npmjs.org/wrappy cache-miss
861 http cache https://registry.npmjs.org/qs 82ms (cache hit)
862 silly packumentCache full:https://registry.npmjs.org/qs set size:360318 disposed:false
863 silly fetch manifest forwarded@0.2.0
864 silly packumentCache full:https://registry.npmjs.org/forwarded cache-miss
865 http fetch GET 200 https://registry.npmjs.org/setprototypeof 113ms (cache miss)
866 silly packumentCache full:https://registry.npmjs.org/setprototypeof set size:undefined disposed:false
867 silly fetch manifest ipaddr.js@1.9.1
868 silly packumentCache full:https://registry.npmjs.org/ipaddr.js cache-miss
869 http fetch GET 200 https://registry.npmjs.org/inherits 119ms (cache miss)
870 silly packumentCache full:https://registry.npmjs.org/inherits set size:undefined disposed:false
871 silly fetch manifest side-channel@^1.1.1
872 silly packumentCache full:https://registry.npmjs.org/side-channel cache-miss
873 http fetch GET 200 https://registry.npmjs.org/iconv-lite 127ms (cache miss)
874 silly packumentCache full:https://registry.npmjs.org/iconv-lite set size:undefined disposed:false
875 silly fetch manifest es-define-property@^1.0.1
876 silly packumentCache full:https://registry.npmjs.org/es-define-property cache-miss
877 http fetch GET 200 https://registry.npmjs.org/bytes 135ms (cache miss)
878 silly packumentCache full:https://registry.npmjs.org/bytes set size:undefined disposed:false
879 silly fetch manifest is-promise@^4.0.0
880 silly packumentCache full:https://registry.npmjs.org/is-promise cache-miss
881 http fetch GET 200 https://registry.npmjs.org/raw-body 150ms (cache miss)
882 silly packumentCache full:https://registry.npmjs.org/raw-body set size:undefined disposed:false
883 silly fetch manifest path-to-regexp@^8.0.0
884 silly packumentCache full:https://registry.npmjs.org/path-to-regexp cache-miss
885 http fetch GET 200 https://registry.npmjs.org/wrappy 101ms (cache miss)
886 silly packumentCache full:https://registry.npmjs.org/wrappy set size:undefined disposed:false
887 silly fetch manifest statuses@^2.0.2
888 silly packumentCache full:https://registry.npmjs.org/statuses cache-hit
889 silly fetch manifest media-typer@^1.1.0
890 silly packumentCache full:https://registry.npmjs.org/media-typer cache-miss
891 http fetch GET 200 https://registry.npmjs.org/toidentifier 127ms (cache miss)
892 silly packumentCache full:https://registry.npmjs.org/toidentifier set size:undefined disposed:false
893 http fetch GET 200 https://registry.npmjs.org/ee-first 118ms (cache miss)
894 silly packumentCache full:https://registry.npmjs.org/ee-first set size:undefined disposed:false
895 http fetch GET 200 https://registry.npmjs.org/forwarded 97ms (cache miss)
896 silly packumentCache full:https://registry.npmjs.org/forwarded set size:undefined disposed:false
897 http fetch GET 200 https://registry.npmjs.org/ipaddr.js 98ms (cache miss)
898 silly packumentCache full:https://registry.npmjs.org/ipaddr.js set size:undefined disposed:false
899 http fetch GET 200 https://registry.npmjs.org/es-define-property 102ms (cache miss)
900 silly packumentCache full:https://registry.npmjs.org/es-define-property set size:undefined disposed:false
901 http fetch GET 200 https://registry.npmjs.org/side-channel 114ms (cache miss)
902 silly packumentCache full:https://registry.npmjs.org/side-channel set size:undefined disposed:false
903 http fetch GET 200 https://registry.npmjs.org/is-promise 106ms (cache miss)
904 silly packumentCache full:https://registry.npmjs.org/is-promise set size:undefined disposed:false
905 http fetch GET 200 https://registry.npmjs.org/media-typer 108ms (cache miss)
906 silly packumentCache full:https://registry.npmjs.org/media-typer set size:undefined disposed:false
907 http fetch GET 200 https://registry.npmjs.org/path-to-regexp 131ms (cache miss)
908 silly packumentCache full:https://registry.npmjs.org/path-to-regexp set size:undefined disposed:false
909 http fetch GET 200 https://registry.npmjs.org/negotiator 484ms (cache miss)
910 silly packumentCache full:https://registry.npmjs.org/negotiator set size:undefined disposed:false
911 http fetch GET 200 https://registry.npmjs.org/mime-db 789ms (cache miss)
912 silly packumentCache full:https://registry.npmjs.org/mime-db set size:undefined disposed:false
913 silly placeDep ROOT negotiator@1.0.0 OK for: accepts@2.0.0 want: ^1.0.0
914 silly placeDep ROOT bytes@3.1.2 OK for: body-parser@2.3.0 want: ^3.1.2
915 silly placeDep node_modules/body-parser content-type@2.1.0 OK for: body-parser@2.3.0 want: ^2.0.0
916 silly placeDep ROOT iconv-lite@0.7.3 OK for: body-parser@2.3.0 want: ^0.7.2
917 silly placeDep ROOT raw-body@3.0.2 OK for: body-parser@2.3.0 want: ^3.0.2
918 silly fetch manifest safer-buffer@>= 2.1.2 < 3.0.0
919 silly packumentCache full:https://registry.npmjs.org/safer-buffer cache-miss
920 silly fetch manifest unpipe@~1.0.0
921 silly packumentCache full:https://registry.npmjs.org/unpipe cache-miss
922 http fetch GET 200 https://registry.npmjs.org/safer-buffer 165ms (cache miss)
923 silly packumentCache full:https://registry.npmjs.org/safer-buffer set size:undefined disposed:false
924 http fetch GET 200 https://registry.npmjs.org/unpipe 166ms (cache miss)
925 silly packumentCache full:https://registry.npmjs.org/unpipe set size:undefined disposed:false
926 silly placeDep ROOT inherits@2.0.4 OK for: http-errors@2.0.1 want: ~2.0.4
927 silly placeDep ROOT setprototypeof@1.2.0 OK for: http-errors@2.0.1 want: ~1.2.0
928 silly placeDep ROOT toidentifier@1.0.1 OK for: http-errors@2.0.1 want: ~1.0.1
929 silly placeDep ROOT safer-buffer@2.1.2 OK for: iconv-lite@0.7.3 want: >= 2.1.2 < 3.0.0
930 silly placeDep ROOT detect-libc@2.1.2 OK for: lightningcss@1.32.0 want: ^2.0.3
931 silly placeDep ROOT lightningcss-android-arm64@1.32.0 OK for: lightningcss@1.32.0 want: 1.32.0
932 silly placeDep ROOT lightningcss-darwin-arm64@1.32.0 OK for: lightningcss@1.32.0 want: 1.32.0
933 silly placeDep ROOT lightningcss-darwin-x64@1.32.0 OK for: lightningcss@1.32.0 want: 1.32.0
934 silly placeDep ROOT lightningcss-freebsd-x64@1.32.0 OK for: lightningcss@1.32.0 want: 1.32.0
935 silly placeDep ROOT lightningcss-linux-arm-gnueabihf@1.32.0 OK for: lightningcss@1.32.0 want: 1.32.0
936 silly placeDep ROOT lightningcss-linux-arm64-gnu@1.32.0 OK for: lightningcss@1.32.0 want: 1.32.0
937 silly placeDep ROOT lightningcss-linux-arm64-musl@1.32.0 OK for: lightningcss@1.32.0 want: 1.32.0
938 silly placeDep ROOT lightningcss-linux-x64-gnu@1.32.0 OK for: lightningcss@1.32.0 want: 1.32.0
939 silly placeDep ROOT lightningcss-linux-x64-musl@1.32.0 OK for: lightningcss@1.32.0 want: 1.32.0
940 silly placeDep ROOT lightningcss-win32-arm64-msvc@1.32.0 OK for: lightningcss@1.32.0 want: 1.32.0
941 silly placeDep ROOT lightningcss-win32-x64-msvc@1.32.0 OK for: lightningcss@1.32.0 want: 1.32.0
942 silly placeDep ROOT yallist@3.1.1 OK for: lru-cache@5.1.1 want: ^3.0.2
943 silly placeDep ROOT mime-db@1.54.0 OK for: mime-types@3.0.2 want: ^1.54.0
944 silly placeDep ROOT ee-first@1.1.1 OK for: on-finished@2.4.1 want: 1.1.1
945 silly placeDep ROOT wrappy@1.0.2 OK for: once@1.4.0 want: 1
946 silly placeDep ROOT forwarded@0.2.0 OK for: proxy-addr@2.0.7 want: 0.2.0
947 silly placeDep ROOT ipaddr.js@1.9.1 OK for: proxy-addr@2.0.7 want: 1.9.1
948 silly placeDep ROOT es-define-property@1.0.1 OK for: qs@6.15.3 want: ^1.0.1
949 silly placeDep ROOT side-channel@1.1.1 OK for: qs@6.15.3 want: ^1.1.1
950 silly fetch manifest es-errors@^1.3.0
951 silly packumentCache full:https://registry.npmjs.org/es-errors cache-miss
952 silly fetch manifest object-inspect@^1.13.4
953 silly packumentCache full:https://registry.npmjs.org/object-inspect cache-miss
954 silly fetch manifest side-channel-list@^1.0.1
955 silly packumentCache full:https://registry.npmjs.org/side-channel-list cache-miss
956 silly fetch manifest side-channel-map@^1.0.1
957 silly packumentCache full:https://registry.npmjs.org/side-channel-map cache-miss
958 silly fetch manifest side-channel-weakmap@^1.0.2
959 silly packumentCache full:https://registry.npmjs.org/side-channel-weakmap cache-miss
960 http fetch GET 200 https://registry.npmjs.org/side-channel-weakmap 134ms (cache miss)
961 silly packumentCache full:https://registry.npmjs.org/side-channel-weakmap set size:undefined disposed:false
962 http fetch GET 200 https://registry.npmjs.org/side-channel-map 144ms (cache miss)
963 silly packumentCache full:https://registry.npmjs.org/side-channel-map set size:undefined disposed:false
964 http fetch GET 200 https://registry.npmjs.org/side-channel-list 148ms (cache miss)
965 silly packumentCache full:https://registry.npmjs.org/side-channel-list set size:undefined disposed:false
966 http fetch GET 200 https://registry.npmjs.org/object-inspect 450ms (cache miss)
967 silly packumentCache full:https://registry.npmjs.org/object-inspect set size:undefined disposed:false
968 http fetch GET 200 https://registry.npmjs.org/es-errors 790ms (cache miss)
969 silly packumentCache full:https://registry.npmjs.org/es-errors set size:undefined disposed:false
970 silly placeDep ROOT unpipe@1.0.0 OK for: raw-body@3.0.2 want: ~1.0.0
971 silly placeDep ROOT scheduler@0.27.0 OK for: react-dom@19.2.8 want: ^0.27.0
972 silly fetch manifest react@>=18
973 silly packumentCache full:https://registry.npmjs.org/react cache-miss
974 http cache https://registry.npmjs.org/react 37ms (cache hit)
975 silly packumentCache full:https://registry.npmjs.org/react set size:6897881 disposed:false
976 silly fetch manifest react-dom@>=18
977 silly packumentCache full:https://registry.npmjs.org/react-dom cache-miss
978 http cache https://registry.npmjs.org/react-dom 46ms (cache hit)
979 silly packumentCache full:https://registry.npmjs.org/react-dom set size:9267760 disposed:false
980 silly placeDep ROOT react-router@7.18.2 OK for: react-router-dom@7.18.2 want: 7.18.2
981 silly fetch manifest cookie@^1.0.1
982 silly packumentCache full:https://registry.npmjs.org/cookie cache-miss
983 silly fetch manifest set-cookie-parser@^2.6.0
984 silly packumentCache full:https://registry.npmjs.org/set-cookie-parser cache-miss
985 http cache https://registry.npmjs.org/cookie 37ms (cache hit)
986 silly packumentCache full:https://registry.npmjs.org/cookie set size:78274 disposed:false
987 http fetch GET 200 https://registry.npmjs.org/set-cookie-parser 284ms (cache miss)
988 silly packumentCache full:https://registry.npmjs.org/set-cookie-parser set size:undefined disposed:false
989 silly placeDep node_modules/react-router cookie@1.1.1 OK for: react-router@7.18.2 want: ^1.0.1
990 silly placeDep ROOT set-cookie-parser@2.7.2 OK for: react-router@7.18.2 want: ^2.6.0
991 silly placeDep ROOT is-promise@4.0.0 OK for: router@2.2.0 want: ^4.0.0
992 silly placeDep ROOT path-to-regexp@8.4.2 OK for: router@2.2.0 want: ^8.0.0
993 silly placeDep ROOT tslib@2.8.1 OK for: rxjs@7.8.2 want: ^2.1.0
994 silly placeDep ROOT es-errors@1.3.0 OK for: side-channel@1.1.1 want: ^1.3.0
995 silly placeDep ROOT object-inspect@1.13.4 OK for: side-channel@1.1.1 want: ^1.13.4
996 silly placeDep ROOT side-channel-list@1.0.1 OK for: side-channel@1.1.1 want: ^1.0.1
997 silly placeDep ROOT side-channel-map@1.0.1 OK for: side-channel@1.1.1 want: ^1.0.1
998 silly placeDep ROOT side-channel-weakmap@1.0.2 OK for: side-channel@1.1.1 want: ^1.0.2
999 silly fetch manifest call-bound@^1.0.2
1000 silly packumentCache full:https://registry.npmjs.org/call-bound cache-miss
1001 silly fetch manifest get-intrinsic@^1.2.5
1002 silly packumentCache full:https://registry.npmjs.org/get-intrinsic cache-miss
1003 silly fetch manifest call-bound@^1.0.2
1004 silly packumentCache full:https://registry.npmjs.org/call-bound cache-miss
1005 silly fetch manifest get-intrinsic@^1.2.5
1006 silly packumentCache full:https://registry.npmjs.org/get-intrinsic cache-miss
1007 http fetch GET 200 https://registry.npmjs.org/call-bound 125ms (cache miss)
1008 silly packumentCache full:https://registry.npmjs.org/call-bound set size:undefined disposed:false
1009 http fetch GET 200 https://registry.npmjs.org/get-intrinsic 150ms (cache miss)
1010 silly packumentCache full:https://registry.npmjs.org/get-intrinsic set size:undefined disposed:false
1011 http fetch GET 200 https://registry.npmjs.org/get-intrinsic 152ms (cache miss)
1012 silly packumentCache full:https://registry.npmjs.org/get-intrinsic set size:undefined disposed:false
1013 http fetch GET 200 https://registry.npmjs.org/call-bound 188ms (cache miss)
1014 silly packumentCache full:https://registry.npmjs.org/call-bound set size:undefined disposed:false
1015 silly placeDep ROOT call-bound@1.0.4 OK for: side-channel-map@1.0.1 want: ^1.0.2
1016 silly placeDep ROOT get-intrinsic@1.3.0 OK for: side-channel-map@1.0.1 want: ^1.2.5
1017 silly fetch manifest call-bind-apply-helpers@^1.0.2
1018 silly packumentCache full:https://registry.npmjs.org/call-bind-apply-helpers cache-miss
1019 silly fetch manifest get-intrinsic@^1.3.0
1020 silly packumentCache full:https://registry.npmjs.org/get-intrinsic cache-miss
1021 silly fetch manifest gopd@^1.2.0
1022 silly packumentCache full:https://registry.npmjs.org/gopd cache-miss
1023 silly fetch manifest hasown@^2.0.2
1024 silly packumentCache full:https://registry.npmjs.org/hasown cache-miss
1025 silly fetch manifest get-proto@^1.0.1
1026 silly packumentCache full:https://registry.npmjs.org/get-proto cache-miss
1027 silly fetch manifest has-symbols@^1.1.0
1028 silly packumentCache full:https://registry.npmjs.org/has-symbols cache-miss
1029 silly fetch manifest function-bind@^1.1.2
1030 silly packumentCache full:https://registry.npmjs.org/function-bind cache-miss
1031 silly fetch manifest es-object-atoms@^1.1.1
1032 silly packumentCache full:https://registry.npmjs.org/es-object-atoms cache-miss
1033 silly fetch manifest math-intrinsics@^1.1.0
1034 silly packumentCache full:https://registry.npmjs.org/math-intrinsics cache-miss
1035 silly fetch manifest call-bind-apply-helpers@^1.0.2
1036 silly packumentCache full:https://registry.npmjs.org/call-bind-apply-helpers cache-miss
1037 http cache https://registry.npmjs.org/get-intrinsic 47ms (cache hit)
1038 silly packumentCache full:https://registry.npmjs.org/get-intrinsic set size:60985 disposed:false
1039 http fetch GET 200 https://registry.npmjs.org/call-bind-apply-helpers 191ms (cache miss)
1040 silly packumentCache full:https://registry.npmjs.org/call-bind-apply-helpers set size:undefined disposed:false
1041 http fetch GET 200 https://registry.npmjs.org/function-bind 189ms (cache miss)
1042 silly packumentCache full:https://registry.npmjs.org/function-bind set size:undefined disposed:false
1043 http fetch GET 200 https://registry.npmjs.org/gopd 193ms (cache miss)
1044 silly packumentCache full:https://registry.npmjs.org/gopd set size:undefined disposed:false
1045 http fetch GET 200 https://registry.npmjs.org/get-proto 194ms (cache miss)
1046 silly packumentCache full:https://registry.npmjs.org/get-proto set size:undefined disposed:false
1047 http fetch GET 200 https://registry.npmjs.org/es-object-atoms 194ms (cache miss)
1048 silly packumentCache full:https://registry.npmjs.org/es-object-atoms set size:undefined disposed:false
1049 http fetch GET 200 https://registry.npmjs.org/hasown 199ms (cache miss)
1050 silly packumentCache full:https://registry.npmjs.org/hasown set size:undefined disposed:false
1051 http fetch GET 200 https://registry.npmjs.org/call-bind-apply-helpers 196ms (cache miss)
1052 silly packumentCache full:https://registry.npmjs.org/call-bind-apply-helpers set size:undefined disposed:false
1053 http fetch GET 200 https://registry.npmjs.org/math-intrinsics 199ms (cache miss)
1054 silly packumentCache full:https://registry.npmjs.org/math-intrinsics set size:undefined disposed:false
1055 http fetch GET 200 https://registry.npmjs.org/has-symbols 204ms (cache miss)
1056 silly packumentCache full:https://registry.npmjs.org/has-symbols set size:undefined disposed:false
1057 silly placeDep ROOT call-bind-apply-helpers@1.0.2 OK for: call-bound@1.0.4 want: ^1.0.2
1058 silly placeDep ROOT function-bind@1.1.2 OK for: call-bind-apply-helpers@1.0.2 want: ^1.1.2
1059 silly placeDep ROOT es-object-atoms@1.1.2 OK for: get-intrinsic@1.3.0 want: ^1.1.1
1060 silly placeDep ROOT get-proto@1.0.1 OK for: get-intrinsic@1.3.0 want: ^1.0.1
1061 silly placeDep ROOT gopd@1.2.0 OK for: get-intrinsic@1.3.0 want: ^1.2.0
1062 silly placeDep ROOT has-symbols@1.1.0 OK for: get-intrinsic@1.3.0 want: ^1.1.0
1063 silly placeDep ROOT hasown@2.0.4 OK for: get-intrinsic@1.3.0 want: ^2.0.2
1064 silly placeDep ROOT math-intrinsics@1.1.0 OK for: get-intrinsic@1.3.0 want: ^1.1.0
1065 silly fetch manifest dunder-proto@^1.0.1
1066 silly packumentCache full:https://registry.npmjs.org/dunder-proto cache-miss
1067 http fetch GET 200 https://registry.npmjs.org/dunder-proto 86ms (cache miss)
1068 silly packumentCache full:https://registry.npmjs.org/dunder-proto set size:undefined disposed:false
1069 silly placeDep ROOT dunder-proto@1.0.1 OK for: get-proto@1.0.1 want: ^1.0.1
1070 silly placeDep ROOT has-flag@4.0.0 OK for: supports-color@8.1.1 want: ^4.0.0
1071 silly placeDep node_modules/type-is content-type@2.1.0 OK for: type-is@2.1.0 want: ^2.0.0
1072 silly placeDep ROOT media-typer@1.1.1 OK for: type-is@2.1.0 want: ^1.1.0
1073 silly placeDep ROOT escalade@3.2.0 OK for: update-browserslist-db@1.3.1 want: ^3.2.0
1074 silly placeDep ROOT esbuild@0.28.2 OK for: vite@7.3.6 want: ^0.27.0 || ^0.28.0
1075 silly placeDep ROOT fdir@6.5.0 OK for: vite@7.3.6 want: ^6.5.0
1076 silly placeDep ROOT fsevents@2.3.3 OK for: vite@7.3.6 want: ~2.3.3
1077 silly placeDep ROOT picomatch@4.0.5 OK for: vite@7.3.6 want: ^4.0.3
1078 silly placeDep ROOT postcss@8.5.26 OK for: vite@7.3.6 want: ^8.5.6
1079 silly placeDep ROOT rollup@4.62.4 OK for: vite@7.3.6 want: ^4.43.0
1080 silly placeDep ROOT tinyglobby@0.2.17 OK for: vite@7.3.6 want: ^0.2.15
1081 silly fetch manifest @esbuild/aix-ppc64@0.28.2
1082 silly packumentCache full:https://registry.npmjs.org/@esbuild%2faix-ppc64 cache-miss
1083 silly fetch manifest @esbuild/linux-arm@0.28.2
1084 silly packumentCache full:https://registry.npmjs.org/@esbuild%2flinux-arm cache-miss
1085 silly fetch manifest @esbuild/linux-x64@0.28.2
1086 silly packumentCache full:https://registry.npmjs.org/@esbuild%2flinux-x64 cache-miss
1087 silly fetch manifest @esbuild/sunos-x64@0.28.2
1088 silly packumentCache full:https://registry.npmjs.org/@esbuild%2fsunos-x64 cache-miss
1089 silly fetch manifest @esbuild/win32-x64@0.28.2
1090 silly packumentCache full:https://registry.npmjs.org/@esbuild%2fwin32-x64 cache-miss
1091 silly fetch manifest @esbuild/darwin-x64@0.28.2
1092 silly packumentCache full:https://registry.npmjs.org/@esbuild%2fdarwin-x64 cache-miss
1093 silly fetch manifest @esbuild/linux-ia32@0.28.2
1094 silly packumentCache full:https://registry.npmjs.org/@esbuild%2flinux-ia32 cache-miss
1095 silly fetch manifest @esbuild/netbsd-x64@0.28.2
1096 silly packumentCache full:https://registry.npmjs.org/@esbuild%2fnetbsd-x64 cache-miss
1097 silly fetch manifest @esbuild/win32-ia32@0.28.2
1098 silly packumentCache full:https://registry.npmjs.org/@esbuild%2fwin32-ia32 cache-miss
1099 silly fetch manifest @esbuild/android-arm@0.28.2
1100 silly packumentCache full:https://registry.npmjs.org/@esbuild%2fandroid-arm cache-miss
1101 silly fetch manifest @esbuild/android-x64@0.28.2
1102 silly packumentCache full:https://registry.npmjs.org/@esbuild%2fandroid-x64 cache-miss
1103 http fetch GET 200 https://registry.npmjs.org/@esbuild%2fandroid-arm 154ms (cache miss)
1104 silly packumentCache full:https://registry.npmjs.org/@esbuild%2fandroid-arm set size:undefined disposed:false
1105 silly fetch manifest @esbuild/freebsd-x64@0.28.2
1106 silly packumentCache full:https://registry.npmjs.org/@esbuild%2ffreebsd-x64 cache-miss
1107 http fetch GET 200 https://registry.npmjs.org/@esbuild%2fwin32-ia32 172ms (cache miss)
1108 silly packumentCache full:https://registry.npmjs.org/@esbuild%2fwin32-ia32 set size:undefined disposed:false
1109 silly fetch manifest @esbuild/linux-arm64@0.28.2
1110 silly packumentCache full:https://registry.npmjs.org/@esbuild%2flinux-arm64 cache-miss
1111 http fetch GET 200 https://registry.npmjs.org/@esbuild%2fwin32-x64 202ms (cache miss)
1112 silly packumentCache full:https://registry.npmjs.org/@esbuild%2fwin32-x64 set size:undefined disposed:false
1113 silly fetch manifest @esbuild/linux-ppc64@0.28.2
1114 silly packumentCache full:https://registry.npmjs.org/@esbuild%2flinux-ppc64 cache-miss
1115 http fetch GET 200 https://registry.npmjs.org/@esbuild%2fandroid-x64 203ms (cache miss)
1116 silly packumentCache full:https://registry.npmjs.org/@esbuild%2fandroid-x64 set size:undefined disposed:false
1117 silly fetch manifest @esbuild/linux-s390x@0.28.2
1118 silly packumentCache full:https://registry.npmjs.org/@esbuild%2flinux-s390x cache-miss
1119 http fetch GET 200 https://registry.npmjs.org/@esbuild%2flinux-ia32 229ms (cache miss)
1120 silly packumentCache full:https://registry.npmjs.org/@esbuild%2flinux-ia32 set size:undefined disposed:false
1121 silly fetch manifest @esbuild/openbsd-x64@0.28.2
1122 silly packumentCache full:https://registry.npmjs.org/@esbuild%2fopenbsd-x64 cache-miss
1123 http fetch GET 200 https://registry.npmjs.org/@esbuild%2flinux-x64 258ms (cache miss)
1124 silly packumentCache full:https://registry.npmjs.org/@esbuild%2flinux-x64 set size:undefined disposed:false
1125 silly fetch manifest @esbuild/win32-arm64@0.28.2
1126 silly packumentCache full:https://registry.npmjs.org/@esbuild%2fwin32-arm64 cache-miss
1127 http fetch GET 200 https://registry.npmjs.org/@esbuild%2fsunos-x64 267ms (cache miss)
1128 silly packumentCache full:https://registry.npmjs.org/@esbuild%2fsunos-x64 set size:undefined disposed:false
1129 silly fetch manifest @esbuild/darwin-arm64@0.28.2
1130 silly packumentCache full:https://registry.npmjs.org/@esbuild%2fdarwin-arm64 cache-miss
1131 http fetch GET 200 https://registry.npmjs.org/@esbuild%2ffreebsd-x64 163ms (cache miss)
1132 silly packumentCache full:https://registry.npmjs.org/@esbuild%2ffreebsd-x64 set size:undefined disposed:false
1133 silly fetch manifest @esbuild/netbsd-arm64@0.28.2
1134 silly packumentCache full:https://registry.npmjs.org/@esbuild%2fnetbsd-arm64 cache-miss
1135 http fetch GET 200 https://registry.npmjs.org/@esbuild%2fdarwin-x64 344ms (cache miss)
1136 silly packumentCache full:https://registry.npmjs.org/@esbuild%2fdarwin-x64 set size:undefined disposed:false
1137 silly fetch manifest @esbuild/android-arm64@0.28.2
1138 silly packumentCache full:https://registry.npmjs.org/@esbuild%2fandroid-arm64 cache-miss
1139 http fetch GET 200 https://registry.npmjs.org/@esbuild%2flinux-arm64 196ms (cache miss)
1140 silly packumentCache full:https://registry.npmjs.org/@esbuild%2flinux-arm64 set size:undefined disposed:false
1141 silly fetch manifest @esbuild/freebsd-arm64@0.28.2
1142 silly packumentCache full:https://registry.npmjs.org/@esbuild%2ffreebsd-arm64 cache-miss
1143 http fetch GET 200 https://registry.npmjs.org/@esbuild%2flinux-s390x 228ms (cache miss)
1144 silly packumentCache full:https://registry.npmjs.org/@esbuild%2flinux-s390x set size:undefined disposed:false
1145 silly fetch manifest @esbuild/linux-loong64@0.28.2
1146 silly packumentCache full:https://registry.npmjs.org/@esbuild%2flinux-loong64 cache-miss
1147 http fetch GET 200 https://registry.npmjs.org/@esbuild%2flinux-arm 456ms (cache miss)
1148 silly packumentCache full:https://registry.npmjs.org/@esbuild%2flinux-arm set size:undefined disposed:false
1149 silly fetch manifest @esbuild/linux-riscv64@0.28.2
1150 silly packumentCache full:https://registry.npmjs.org/@esbuild%2flinux-riscv64 cache-miss
1151 http fetch GET 200 https://registry.npmjs.org/@esbuild%2fwin32-arm64 199ms (cache miss)
1152 silly packumentCache full:https://registry.npmjs.org/@esbuild%2fwin32-arm64 set size:undefined disposed:false
1153 silly fetch manifest @esbuild/openbsd-arm64@0.28.2
1154 silly packumentCache full:https://registry.npmjs.org/@esbuild%2fopenbsd-arm64 cache-miss
1155 http fetch GET 200 https://registry.npmjs.org/@esbuild%2fnetbsd-arm64 144ms (cache miss)
1156 silly packumentCache full:https://registry.npmjs.org/@esbuild%2fnetbsd-arm64 set size:undefined disposed:false
1157 silly fetch manifest @esbuild/linux-mips64el@0.28.2
1158 silly packumentCache full:https://registry.npmjs.org/@esbuild%2flinux-mips64el cache-miss
1159 http fetch GET 200 https://registry.npmjs.org/@esbuild%2fdarwin-arm64 269ms (cache miss)
1160 silly packumentCache full:https://registry.npmjs.org/@esbuild%2fdarwin-arm64 set size:undefined disposed:false
1161 silly fetch manifest @esbuild/openharmony-arm64@0.28.2
1162 silly packumentCache full:https://registry.npmjs.org/@esbuild%2fopenharmony-arm64 cache-miss
1163 http fetch GET 200 https://registry.npmjs.org/@esbuild%2fnetbsd-x64 546ms (cache miss)
1164 silly packumentCache full:https://registry.npmjs.org/@esbuild%2fnetbsd-x64 set size:undefined disposed:false
1165 silly fetch manifest nanoid@^3.3.17
1166 silly packumentCache full:https://registry.npmjs.org/nanoid cache-miss
1167 http fetch GET 200 https://registry.npmjs.org/@esbuild%2ffreebsd-arm64 199ms (cache miss)
1168 silly packumentCache full:https://registry.npmjs.org/@esbuild%2ffreebsd-arm64 set size:undefined disposed:false
1169 silly fetch manifest @types/estree@1.0.9
1170 silly packumentCache full:https://registry.npmjs.org/@types%2festree cache-miss
1171 http fetch GET 200 https://registry.npmjs.org/@esbuild%2faix-ppc64 617ms (cache miss)
1172 silly packumentCache full:https://registry.npmjs.org/@esbuild%2faix-ppc64 set size:undefined disposed:false
1173 silly fetch manifest @rollup/rollup-darwin-x64@4.62.4
1174 silly packumentCache full:https://registry.npmjs.org/@rollup%2frollup-darwin-x64 cache-miss
1175 http fetch GET 200 https://registry.npmjs.org/@esbuild%2flinux-ppc64 417ms (cache miss)
1176 silly packumentCache full:https://registry.npmjs.org/@esbuild%2flinux-ppc64 set size:undefined disposed:false
1177 silly fetch manifest @rollup/rollup-freebsd-x64@4.62.4
1178 silly packumentCache full:https://registry.npmjs.org/@rollup%2frollup-freebsd-x64 cache-miss
1179 http fetch GET 200 https://registry.npmjs.org/@esbuild%2fopenbsd-arm64 178ms (cache miss)
1180 silly packumentCache full:https://registry.npmjs.org/@esbuild%2fopenbsd-arm64 set size:undefined disposed:false
1181 silly fetch manifest @rollup/rollup-openbsd-x64@4.62.4
1182 silly packumentCache full:https://registry.npmjs.org/@rollup%2frollup-openbsd-x64 cache-miss
1183 http fetch GET 200 https://registry.npmjs.org/@esbuild%2flinux-mips64el 175ms (cache miss)
1184 silly packumentCache full:https://registry.npmjs.org/@esbuild%2flinux-mips64el set size:undefined disposed:false
1185 silly fetch manifest @napi-rs/lzma-linux-x64-gnu@1.5.1
1186 silly packumentCache full:https://registry.npmjs.org/@napi-rs%2flzma-linux-x64-gnu cache-miss
1187 http fetch GET 200 https://registry.npmjs.org/@esbuild%2flinux-loong64 220ms (cache miss)
1188 silly packumentCache full:https://registry.npmjs.org/@esbuild%2flinux-loong64 set size:undefined disposed:false
1189 silly fetch manifest @rollup/rollup-darwin-arm64@4.62.4
1190 silly packumentCache full:https://registry.npmjs.org/@rollup%2frollup-darwin-arm64 cache-miss
1191 http fetch GET 200 https://registry.npmjs.org/@esbuild%2fopenbsd-x64 433ms (cache miss)
1192 silly packumentCache full:https://registry.npmjs.org/@esbuild%2fopenbsd-x64 set size:undefined disposed:false
1193 silly fetch manifest @rollup/rollup-android-arm64@4.62.4
1194 silly packumentCache full:https://registry.npmjs.org/@rollup%2frollup-android-arm64 cache-miss
1195 http fetch GET 200 https://registry.npmjs.org/@esbuild%2fandroid-arm64 332ms (cache miss)
1196 silly packumentCache full:https://registry.npmjs.org/@esbuild%2fandroid-arm64 set size:undefined disposed:false
1197 silly fetch manifest @rollup/rollup-freebsd-arm64@4.62.4
1198 silly packumentCache full:https://registry.npmjs.org/@rollup%2frollup-freebsd-arm64 cache-miss
1199 http fetch GET 200 https://registry.npmjs.org/@types%2festree 116ms (cache miss)
1200 silly packumentCache full:https://registry.npmjs.org/@types%2festree set size:undefined disposed:false
1201 silly fetch manifest @rollup/rollup-linux-x64-gnu@4.62.4
1202 silly packumentCache full:https://registry.npmjs.org/@rollup%2frollup-linux-x64-gnu cache-miss
1203 http fetch GET 200 https://registry.npmjs.org/@rollup%2frollup-android-arm64 170ms (cache miss)
1204 silly packumentCache full:https://registry.npmjs.org/@rollup%2frollup-android-arm64 set size:undefined disposed:false
1205 silly fetch manifest @rollup/rollup-win32-x64-gnu@4.62.4
1206 silly packumentCache full:https://registry.npmjs.org/@rollup%2frollup-win32-x64-gnu cache-miss
1207 http fetch GET 200 https://registry.npmjs.org/@rollup%2frollup-linux-x64-gnu 162ms (cache miss)
1208 silly packumentCache full:https://registry.npmjs.org/@rollup%2frollup-linux-x64-gnu set size:undefined disposed:false
1209 silly fetch manifest @rollup/rollup-linux-x64-musl@4.62.4
1210 silly packumentCache full:https://registry.npmjs.org/@rollup%2frollup-linux-x64-musl cache-miss
1211 http fetch GET 200 https://registry.npmjs.org/@rollup%2frollup-freebsd-x64 248ms (cache miss)
1212 silly packumentCache full:https://registry.npmjs.org/@rollup%2frollup-freebsd-x64 set size:undefined disposed:false
1213 silly fetch manifest @rollup/rollup-win32-x64-msvc@4.62.4
1214 silly packumentCache full:https://registry.npmjs.org/@rollup%2frollup-win32-x64-msvc cache-miss
1215 http fetch GET 200 https://registry.npmjs.org/nanoid 327ms (cache miss)
1216 silly packumentCache full:https://registry.npmjs.org/nanoid set size:undefined disposed:false
1217 silly fetch manifest @rollup/rollup-linux-arm64-gnu@4.62.4
1218 silly packumentCache full:https://registry.npmjs.org/@rollup%2frollup-linux-arm64-gnu cache-miss
1219 http fetch GET 200 https://registry.npmjs.org/@rollup%2frollup-win32-x64-msvc 166ms (cache miss)
1220 silly packumentCache full:https://registry.npmjs.org/@rollup%2frollup-win32-x64-msvc set size:undefined disposed:false
1221 silly fetch manifest @rollup/rollup-linux-ppc64-gnu@4.62.4
1222 silly packumentCache full:https://registry.npmjs.org/@rollup%2frollup-linux-ppc64-gnu cache-miss
1223 http fetch GET 200 https://registry.npmjs.org/@rollup%2frollup-openbsd-x64 420ms (cache miss)
1224 silly packumentCache full:https://registry.npmjs.org/@rollup%2frollup-openbsd-x64 set size:undefined disposed:false
1225 silly fetch manifest @rollup/rollup-linux-s390x-gnu@4.62.4
1226 silly packumentCache full:https://registry.npmjs.org/@rollup%2frollup-linux-s390x-gnu cache-miss
1227 http fetch GET 200 https://registry.npmjs.org/@rollup%2frollup-linux-x64-musl 225ms (cache miss)
1228 silly packumentCache full:https://registry.npmjs.org/@rollup%2frollup-linux-x64-musl set size:undefined disposed:false
1229 silly fetch manifest @rollup/rollup-win32-ia32-msvc@4.62.4
1230 silly packumentCache full:https://registry.npmjs.org/@rollup%2frollup-win32-ia32-msvc cache-miss
1231 http fetch GET 200 https://registry.npmjs.org/@rollup%2frollup-darwin-arm64 455ms (cache miss)
1232 silly packumentCache full:https://registry.npmjs.org/@rollup%2frollup-darwin-arm64 set size:undefined disposed:false
1233 silly fetch manifest @rollup/rollup-android-arm-eabi@4.62.4
1234 silly packumentCache full:https://registry.npmjs.org/@rollup%2frollup-android-arm-eabi cache-miss
1235 http fetch GET 200 https://registry.npmjs.org/@esbuild%2flinux-riscv64 719ms (cache miss)
1236 silly packumentCache full:https://registry.npmjs.org/@esbuild%2flinux-riscv64 set size:undefined disposed:false
1237 silly fetch manifest @rollup/rollup-linux-arm64-musl@4.62.4
1238 silly packumentCache full:https://registry.npmjs.org/@rollup%2frollup-linux-arm64-musl cache-miss
1239 http fetch GET 200 https://registry.npmjs.org/@rollup%2frollup-win32-x64-gnu 352ms (cache miss)
1240 silly packumentCache full:https://registry.npmjs.org/@rollup%2frollup-win32-x64-gnu set size:undefined disposed:false
1241 silly fetch manifest @rollup/rollup-linux-ppc64-musl@4.62.4
1242 silly packumentCache full:https://registry.npmjs.org/@rollup%2frollup-linux-ppc64-musl cache-miss
1243 http fetch GET 200 https://registry.npmjs.org/@rollup%2frollup-android-arm-eabi 263ms (cache miss)
1244 silly packumentCache full:https://registry.npmjs.org/@rollup%2frollup-android-arm-eabi set size:undefined disposed:false
1245 silly fetch manifest @rollup/rollup-win32-arm64-msvc@4.62.4
1246 silly packumentCache full:https://registry.npmjs.org/@rollup%2frollup-win32-arm64-msvc cache-miss
1247 http fetch GET 200 https://registry.npmjs.org/@rollup%2frollup-linux-arm64-gnu 578ms (cache miss)
1248 silly packumentCache full:https://registry.npmjs.org/@rollup%2frollup-linux-arm64-gnu set size:undefined disposed:false
1249 silly fetch manifest @rollup/rollup-linux-loong64-gnu@4.62.4
1250 silly packumentCache full:https://registry.npmjs.org/@rollup%2frollup-linux-loong64-gnu cache-miss
1251 http fetch GET 200 https://registry.npmjs.org/@rollup%2frollup-linux-arm64-musl 330ms (cache miss)
1252 silly packumentCache full:https://registry.npmjs.org/@rollup%2frollup-linux-arm64-musl set size:undefined disposed:false
1253 silly fetch manifest @rollup/rollup-linux-riscv64-gnu@4.62.4
1254 silly packumentCache full:https://registry.npmjs.org/@rollup%2frollup-linux-riscv64-gnu cache-miss
1255 http fetch GET 200 https://registry.npmjs.org/@rollup%2frollup-freebsd-arm64 835ms (cache miss)
1256 silly packumentCache full:https://registry.npmjs.org/@rollup%2frollup-freebsd-arm64 set size:undefined disposed:false
1257 silly fetch manifest @rollup/rollup-openharmony-arm64@4.62.4
1258 silly packumentCache full:https://registry.npmjs.org/@rollup%2frollup-openharmony-arm64 cache-miss
1259 http fetch GET 200 https://registry.npmjs.org/@napi-rs%2flzma-linux-x64-gnu 884ms (cache miss)
1260 silly packumentCache full:https://registry.npmjs.org/@napi-rs%2flzma-linux-x64-gnu set size:undefined disposed:false
1261 silly fetch manifest @rollup/rollup-linux-loong64-musl@4.62.4
1262 silly packumentCache full:https://registry.npmjs.org/@rollup%2frollup-linux-loong64-musl cache-miss
1263 http fetch GET 200 https://registry.npmjs.org/@rollup%2frollup-win32-ia32-msvc 446ms (cache miss)
1264 silly packumentCache full:https://registry.npmjs.org/@rollup%2frollup-win32-ia32-msvc set size:undefined disposed:false
1265 silly fetch manifest @rollup/rollup-linux-riscv64-musl@4.62.4
1266 silly packumentCache full:https://registry.npmjs.org/@rollup%2frollup-linux-riscv64-musl cache-miss
1267 http fetch GET 200 https://registry.npmjs.org/@rollup%2frollup-darwin-x64 956ms (cache miss)
1268 silly packumentCache full:https://registry.npmjs.org/@rollup%2frollup-darwin-x64 set size:undefined disposed:false
1269 silly fetch manifest @rollup/rollup-linux-arm-gnueabihf@4.62.4
1270 silly packumentCache full:https://registry.npmjs.org/@rollup%2frollup-linux-arm-gnueabihf cache-miss
1271 http fetch GET 200 https://registry.npmjs.org/@rollup%2frollup-linux-loong64-gnu 139ms (cache miss)
1272 silly packumentCache full:https://registry.npmjs.org/@rollup%2frollup-linux-loong64-gnu set size:undefined disposed:false
1273 silly fetch manifest @rollup/rollup-linux-arm-musleabihf@4.62.4
1274 silly packumentCache full:https://registry.npmjs.org/@rollup%2frollup-linux-arm-musleabihf cache-miss
1275 http fetch GET 200 https://registry.npmjs.org/@rollup%2frollup-linux-riscv64-gnu 179ms (cache miss)
1276 silly packumentCache full:https://registry.npmjs.org/@rollup%2frollup-linux-riscv64-gnu set size:undefined disposed:false
1277 http fetch GET 200 https://registry.npmjs.org/@rollup%2frollup-linux-s390x-gnu 644ms (cache miss)
1278 silly packumentCache full:https://registry.npmjs.org/@rollup%2frollup-linux-s390x-gnu set size:undefined disposed:false
1279 http fetch GET 200 https://registry.npmjs.org/@rollup%2frollup-win32-arm64-msvc 360ms (cache miss)
1280 silly packumentCache full:https://registry.npmjs.org/@rollup%2frollup-win32-arm64-msvc set size:undefined disposed:false
1281 http fetch GET 200 https://registry.npmjs.org/@rollup%2frollup-openharmony-arm64 247ms (cache miss)
1282 silly packumentCache full:https://registry.npmjs.org/@rollup%2frollup-openharmony-arm64 set size:undefined disposed:false
1283 http fetch GET 200 https://registry.npmjs.org/@esbuild%2fopenharmony-arm64 1307ms (cache miss)
1284 silly packumentCache full:https://registry.npmjs.org/@esbuild%2fopenharmony-arm64 set size:undefined disposed:false
1285 http fetch GET 200 https://registry.npmjs.org/@rollup%2frollup-linux-ppc64-gnu 806ms (cache miss)
1286 silly packumentCache full:https://registry.npmjs.org/@rollup%2frollup-linux-ppc64-gnu set size:undefined disposed:false
1287 http fetch GET 200 https://registry.npmjs.org/@rollup%2frollup-linux-arm-musleabihf 255ms (cache miss)
1288 silly packumentCache full:https://registry.npmjs.org/@rollup%2frollup-linux-arm-musleabihf set size:undefined disposed:false
1289 http fetch GET 200 https://registry.npmjs.org/@rollup%2frollup-linux-riscv64-musl 363ms (cache miss)
1290 silly packumentCache full:https://registry.npmjs.org/@rollup%2frollup-linux-riscv64-musl set size:undefined disposed:false
1291 http fetch GET 200 https://registry.npmjs.org/@rollup%2frollup-linux-ppc64-musl 796ms (cache miss)
1292 silly packumentCache full:https://registry.npmjs.org/@rollup%2frollup-linux-ppc64-musl set size:undefined disposed:false
1293 http fetch GET 200 https://registry.npmjs.org/@rollup%2frollup-linux-loong64-musl 551ms (cache miss)
1294 silly packumentCache full:https://registry.npmjs.org/@rollup%2frollup-linux-loong64-musl set size:undefined disposed:false
1295 http fetch GET 200 https://registry.npmjs.org/@rollup%2frollup-linux-arm-gnueabihf 1511ms (cache miss)
1296 silly packumentCache full:https://registry.npmjs.org/@rollup%2frollup-linux-arm-gnueabihf set size:undefined disposed:false
1297 silly placeDep ROOT @esbuild/aix-ppc64@0.28.2 OK for: esbuild@0.28.2 want: 0.28.2
1298 silly placeDep ROOT @esbuild/android-arm@0.28.2 OK for: esbuild@0.28.2 want: 0.28.2
1299 silly placeDep ROOT @esbuild/android-arm64@0.28.2 OK for: esbuild@0.28.2 want: 0.28.2
1300 silly placeDep ROOT @esbuild/android-x64@0.28.2 OK for: esbuild@0.28.2 want: 0.28.2
1301 silly placeDep ROOT @esbuild/darwin-arm64@0.28.2 OK for: esbuild@0.28.2 want: 0.28.2
1302 silly placeDep ROOT @esbuild/darwin-x64@0.28.2 OK for: esbuild@0.28.2 want: 0.28.2
1303 silly placeDep ROOT @esbuild/freebsd-arm64@0.28.2 OK for: esbuild@0.28.2 want: 0.28.2
1304 silly placeDep ROOT @esbuild/freebsd-x64@0.28.2 OK for: esbuild@0.28.2 want: 0.28.2
1305 silly placeDep ROOT @esbuild/linux-arm@0.28.2 OK for: esbuild@0.28.2 want: 0.28.2
1306 silly placeDep ROOT @esbuild/linux-arm64@0.28.2 OK for: esbuild@0.28.2 want: 0.28.2
1307 silly placeDep ROOT @esbuild/linux-ia32@0.28.2 OK for: esbuild@0.28.2 want: 0.28.2
1308 silly placeDep ROOT @esbuild/linux-loong64@0.28.2 OK for: esbuild@0.28.2 want: 0.28.2
1309 silly placeDep ROOT @esbuild/linux-mips64el@0.28.2 OK for: esbuild@0.28.2 want: 0.28.2
1310 silly placeDep ROOT @esbuild/linux-ppc64@0.28.2 OK for: esbuild@0.28.2 want: 0.28.2
1311 silly placeDep ROOT @esbuild/linux-riscv64@0.28.2 OK for: esbuild@0.28.2 want: 0.28.2
1312 silly placeDep ROOT @esbuild/linux-s390x@0.28.2 OK for: esbuild@0.28.2 want: 0.28.2
1313 silly placeDep ROOT @esbuild/linux-x64@0.28.2 OK for: esbuild@0.28.2 want: 0.28.2
1314 silly placeDep ROOT @esbuild/netbsd-arm64@0.28.2 OK for: esbuild@0.28.2 want: 0.28.2
1315 silly placeDep ROOT @esbuild/netbsd-x64@0.28.2 OK for: esbuild@0.28.2 want: 0.28.2
1316 silly placeDep ROOT @esbuild/openbsd-arm64@0.28.2 OK for: esbuild@0.28.2 want: 0.28.2
1317 silly placeDep ROOT @esbuild/openbsd-x64@0.28.2 OK for: esbuild@0.28.2 want: 0.28.2
1318 silly placeDep ROOT @esbuild/openharmony-arm64@0.28.2 OK for: esbuild@0.28.2 want: 0.28.2
1319 silly placeDep ROOT @esbuild/sunos-x64@0.28.2 OK for: esbuild@0.28.2 want: 0.28.2
1320 silly placeDep ROOT @esbuild/win32-arm64@0.28.2 OK for: esbuild@0.28.2 want: 0.28.2
1321 silly placeDep ROOT @esbuild/win32-ia32@0.28.2 OK for: esbuild@0.28.2 want: 0.28.2
1322 silly placeDep ROOT @esbuild/win32-x64@0.28.2 OK for: esbuild@0.28.2 want: 0.28.2
1323 silly placeDep ROOT nanoid@3.3.18 OK for: postcss@8.5.26 want: ^3.3.17
1324 silly placeDep ROOT @napi-rs/lzma-linux-x64-gnu@1.5.1 OK for: rollup@4.62.4 want: 1.5.1
1325 silly placeDep ROOT @rollup/rollup-android-arm-eabi@4.62.4 OK for: rollup@4.62.4 want: 4.62.4
1326 silly placeDep ROOT @rollup/rollup-android-arm64@4.62.4 OK for: rollup@4.62.4 want: 4.62.4
1327 silly placeDep ROOT @rollup/rollup-darwin-arm64@4.62.4 OK for: rollup@4.62.4 want: 4.62.4
1328 silly placeDep ROOT @rollup/rollup-darwin-x64@4.62.4 OK for: rollup@4.62.4 want: 4.62.4
1329 silly placeDep ROOT @rollup/rollup-freebsd-arm64@4.62.4 OK for: rollup@4.62.4 want: 4.62.4
1330 silly placeDep ROOT @rollup/rollup-freebsd-x64@4.62.4 OK for: rollup@4.62.4 want: 4.62.4
1331 silly placeDep ROOT @rollup/rollup-linux-arm-gnueabihf@4.62.4 OK for: rollup@4.62.4 want: 4.62.4
1332 silly placeDep ROOT @rollup/rollup-linux-arm-musleabihf@4.62.4 OK for: rollup@4.62.4 want: 4.62.4
1333 silly placeDep ROOT @rollup/rollup-linux-arm64-gnu@4.62.4 OK for: rollup@4.62.4 want: 4.62.4
1334 silly placeDep ROOT @rollup/rollup-linux-arm64-musl@4.62.4 OK for: rollup@4.62.4 want: 4.62.4
1335 silly placeDep ROOT @rollup/rollup-linux-loong64-gnu@4.62.4 OK for: rollup@4.62.4 want: 4.62.4
1336 silly placeDep ROOT @rollup/rollup-linux-loong64-musl@4.62.4 OK for: rollup@4.62.4 want: 4.62.4
1337 silly placeDep ROOT @rollup/rollup-linux-ppc64-gnu@4.62.4 OK for: rollup@4.62.4 want: 4.62.4
1338 silly placeDep ROOT @rollup/rollup-linux-ppc64-musl@4.62.4 OK for: rollup@4.62.4 want: 4.62.4
1339 silly placeDep ROOT @rollup/rollup-linux-riscv64-gnu@4.62.4 OK for: rollup@4.62.4 want: 4.62.4
1340 silly placeDep ROOT @rollup/rollup-linux-riscv64-musl@4.62.4 OK for: rollup@4.62.4 want: 4.62.4
1341 silly placeDep ROOT @rollup/rollup-linux-s390x-gnu@4.62.4 OK for: rollup@4.62.4 want: 4.62.4
1342 silly placeDep ROOT @rollup/rollup-linux-x64-gnu@4.62.4 OK for: rollup@4.62.4 want: 4.62.4
1343 silly placeDep ROOT @rollup/rollup-linux-x64-musl@4.62.4 OK for: rollup@4.62.4 want: 4.62.4
1344 silly placeDep ROOT @rollup/rollup-openbsd-x64@4.62.4 OK for: rollup@4.62.4 want: 4.62.4
1345 silly placeDep ROOT @rollup/rollup-openharmony-arm64@4.62.4 OK for: rollup@4.62.4 want: 4.62.4
1346 silly placeDep ROOT @rollup/rollup-win32-arm64-msvc@4.62.4 OK for: rollup@4.62.4 want: 4.62.4
1347 silly placeDep ROOT @rollup/rollup-win32-ia32-msvc@4.62.4 OK for: rollup@4.62.4 want: 4.62.4
1348 silly placeDep ROOT @rollup/rollup-win32-x64-gnu@4.62.4 OK for: rollup@4.62.4 want: 4.62.4
1349 silly placeDep ROOT @rollup/rollup-win32-x64-msvc@4.62.4 OK for: rollup@4.62.4 want: 4.62.4
1350 silly placeDep ROOT @types/estree@1.0.9 OK for: rollup@4.62.4 want: 1.0.9
1351 silly placeDep ROOT cliui@8.0.1 OK for: yargs@17.7.2 want: ^8.0.1
1352 silly placeDep ROOT get-caller-file@2.0.5 OK for: yargs@17.7.2 want: ^2.0.5
1353 silly placeDep ROOT require-directory@2.1.1 OK for: yargs@17.7.2 want: ^2.1.1
1354 silly placeDep ROOT string-width@4.2.3 OK for: yargs@17.7.2 want: ^4.2.3
1355 silly placeDep ROOT y18n@5.0.8 OK for: yargs@17.7.2 want: ^5.0.5
1356 silly placeDep ROOT yargs-parser@21.1.1 OK for: yargs@17.7.2 want: ^21.1.1
1357 silly fetch manifest wrap-ansi@^7.0.0
1358 silly packumentCache full:https://registry.npmjs.org/wrap-ansi cache-miss
1359 silly fetch manifest strip-ansi@^6.0.1
1360 silly packumentCache full:https://registry.npmjs.org/strip-ansi cache-miss
1361 silly fetch manifest string-width@^4.2.0
1362 silly packumentCache full:https://registry.npmjs.org/string-width cache-miss
1363 silly fetch manifest strip-ansi@^6.0.1
1364 silly packumentCache full:https://registry.npmjs.org/strip-ansi cache-miss
1365 silly fetch manifest emoji-regex@^8.0.0
1366 silly packumentCache full:https://registry.npmjs.org/emoji-regex cache-miss
1367 silly fetch manifest is-fullwidth-code-point@^3.0.0
1368 silly packumentCache full:https://registry.npmjs.org/is-fullwidth-code-point cache-miss
1369 http cache https://registry.npmjs.org/string-width 45ms (cache hit)
1370 silly packumentCache full:https://registry.npmjs.org/string-width set size:72458 disposed:false
1371 http fetch GET 200 https://registry.npmjs.org/wrap-ansi 126ms (cache miss)
1372 silly packumentCache full:https://registry.npmjs.org/wrap-ansi set size:undefined disposed:false
1373 http fetch GET 200 https://registry.npmjs.org/emoji-regex 133ms (cache miss)
1374 silly packumentCache full:https://registry.npmjs.org/emoji-regex set size:undefined disposed:false
1375 http fetch GET 200 https://registry.npmjs.org/strip-ansi 141ms (cache miss)
1376 silly packumentCache full:https://registry.npmjs.org/strip-ansi set size:undefined disposed:false
1377 http fetch GET 200 https://registry.npmjs.org/strip-ansi 230ms (cache miss)
1378 silly packumentCache full:https://registry.npmjs.org/strip-ansi set size:undefined disposed:false
1379 http fetch GET 200 https://registry.npmjs.org/is-fullwidth-code-point 413ms (cache miss)
1380 silly packumentCache full:https://registry.npmjs.org/is-fullwidth-code-point set size:undefined disposed:false
1381 silly placeDep ROOT strip-ansi@6.0.1 OK for: cliui@8.0.1 want: ^6.0.1
1382 silly placeDep ROOT wrap-ansi@7.0.0 OK for: cliui@8.0.1 want: ^7.0.0
1383 silly fetch manifest ansi-regex@^5.0.1
1384 silly packumentCache full:https://registry.npmjs.org/ansi-regex cache-miss
1385 http fetch GET 200 https://registry.npmjs.org/ansi-regex 107ms (cache miss)
1386 silly packumentCache full:https://registry.npmjs.org/ansi-regex set size:undefined disposed:false
1387 silly placeDep ROOT emoji-regex@8.0.0 OK for: string-width@4.2.3 want: ^8.0.0
1388 silly placeDep ROOT is-fullwidth-code-point@3.0.0 OK for: string-width@4.2.3 want: ^3.0.0
1389 silly placeDep ROOT ansi-regex@5.0.1 OK for: strip-ansi@6.0.1 want: ^5.0.1
1390 silly reify moves {}
1391 silly audit bulk request {
1391 silly audit   '@tailwindcss/vite': [ '4.3.3' ],
1391 silly audit   vite: [ '7.3.6' ],
1391 silly audit   '@vitejs/plugin-react': [ '5.2.0' ],
1391 silly audit   concurrently: [ '9.2.4' ],
1391 silly audit   cors: [ '2.8.6' ],
1391 silly audit   express: [ '5.2.1' ],
1391 silly audit   react: [ '19.2.8' ],
1391 silly audit   'react-dom': [ '19.2.8' ],
1391 silly audit   'react-router-dom': [ '7.18.2' ],
1391 silly audit   tailwindcss: [ '4.3.3' ],
1391 silly audit   '@tailwindcss/node': [ '4.3.3' ],
1391 silly audit   '@tailwindcss/oxide': [ '4.3.3' ],
1391 silly audit   '@jridgewell/remapping': [ '2.3.5' ],
1391 silly audit   'enhanced-resolve': [ '5.24.5' ],
1391 silly audit   jiti: [ '2.7.0' ],
1391 silly audit   lightningcss: [ '1.32.0' ],
1391 silly audit   'magic-string': [ '0.30.21' ],
1391 silly audit   'source-map-js': [ '1.2.1' ],
1391 silly audit   '@jridgewell/gen-mapping': [ '0.3.13' ],
1391 silly audit   '@jridgewell/trace-mapping': [ '0.3.31' ],
1391 silly audit   '@jridgewell/sourcemap-codec': [ '1.5.5' ],
1391 silly audit   '@jridgewell/resolve-uri': [ '3.1.2' ],
1391 silly audit   '@tailwindcss/oxide-android-arm64': [ '4.3.3' ],
1391 silly audit   '@tailwindcss/oxide-darwin-arm64': [ '4.3.3' ],
1391 silly audit   '@tailwindcss/oxide-darwin-x64': [ '4.3.3' ],
1391 silly audit   '@tailwindcss/oxide-freebsd-x64': [ '4.3.3' ],
1391 silly audit   '@tailwindcss/oxide-linux-arm-gnueabihf': [ '4.3.3' ],
1391 silly audit   '@tailwindcss/oxide-linux-arm64-gnu': [ '4.3.3' ],
1391 silly audit   '@tailwindcss/oxide-linux-arm64-musl': [ '4.3.3' ],
1391 silly audit   '@tailwindcss/oxide-linux-x64-gnu': [ '4.3.3' ],
1391 silly audit   '@tailwindcss/oxide-linux-x64-musl': [ '4.3.3' ],
1391 silly audit   '@tailwindcss/oxide-wasm32-wasi': [ '4.3.3' ],
1391 silly audit   '@tailwindcss/oxide-win32-arm64-msvc': [ '4.3.3' ],
1391 silly audit   '@tailwindcss/oxide-win32-x64-msvc': [ '4.3.3' ],
1391 silly audit   '@babel/core': [ '7.29.7' ],
1391 silly audit   '@babel/plugin-transform-react-jsx-self': [ '7.29.7' ],
1391 silly audit   '@babel/plugin-transform-react-jsx-source': [ '7.29.7' ],
1391 silly audit   '@rolldown/pluginutils': [ '1.0.0-rc.3' ],
1391 silly audit   '@types/babel__core': [ '7.20.5' ],
1391 silly audit   'react-refresh': [ '0.18.0' ],
1391 silly audit   '@babel/code-frame': [ '7.29.7' ],
1391 silly audit   '@babel/generator': [ '7.29.8' ],
1391 silly audit   '@babel/helper-compilation-targets': [ '7.29.7' ],
1391 silly audit   '@babel/helper-module-transforms': [ '7.29.7' ],
1391 silly audit   '@babel/helpers': [ '7.29.7' ],
1391 silly audit   '@babel/parser': [ '7.29.8' ],
1391 silly audit   '@babel/template': [ '7.29.7' ],
1391 silly audit   '@babel/traverse': [ '7.29.8' ],
1391 silly audit   '@babel/types': [ '7.29.8' ],
1391 silly audit   'convert-source-map': [ '2.0.0' ],
1391 silly audit   debug: [ '4.4.3' ],
1391 silly audit   gensync: [ '1.0.0-beta.2' ],
1391 silly audit   json5: [ '2.2.3' ],
1391 silly audit   semver: [ '6.3.1' ],
1391 silly audit   '@babel/helper-validator-identifier': [ '7.29.7' ],
1391 silly audit   'js-tokens': [ '4.0.0' ],
1391 silly audit   picocolors: [ '1.1.1' ],
1391 silly audit   jsesc: [ '3.1.0' ],
1391 silly audit   '@babel/compat-data': [ '7.29.7' ],
1391 silly audit   '@babel/helper-validator-option': [ '7.29.7' ],
1391 silly audit   browserslist: [ '4.28.8' ],
1391 silly audit   'lru-cache': [ '5.1.1' ],
1391 silly audit   '@babel/helper-module-imports': [ '7.29.7' ],
1391 silly audit   '@babel/helper-plugin-utils': [ '7.29.7' ],
1391 silly audit   '@babel/helper-globals': [ '7.29.7' ],
1391 silly audit   '@babel/helper-string-parser': [ '7.29.7' ],
1391 silly audit   '@types/babel__generator': [ '7.27.0' ],
1391 silly audit   '@types/babel__template': [ '7.4.4' ],
1391 silly audit   '@types/babel__traverse': [ '7.28.0' ],
1391 silly audit   'baseline-browser-mapping': [ '2.11.14' ],
1391 silly audit   'caniuse-lite': [ '1.0.30001809' ],
1391 silly audit   'electron-to-chromium': [ '1.5.407' ],
1391 silly audit   'node-releases': [ '2.0.53' ],
1391 silly audit   'update-browserslist-db': [ '1.3.1' ],
1391 silly audit   chalk: [ '4.1.2' ],
1391 silly audit   rxjs: [ '7.8.2' ],
1391 silly audit   'shell-quote': [ '1.9.0' ],
1391 silly audit   'supports-color': [ '8.1.1', '7.2.0' ],
1391 silly audit   'tree-kill': [ '1.2.2' ],
1391 silly audit   yargs: [ '17.7.2' ],
1391 silly audit   'ansi-styles': [ '4.3.0' ],
1391 silly audit   'color-convert': [ '2.0.1' ],
1391 silly audit   'color-name': [ '1.1.4' ],
1391 silly audit   'object-assign': [ '4.1.1' ],
1391 silly audit   vary: [ '1.1.2' ],
1391 silly audit   ms: [ '2.1.3' ],
1391 silly audit   'graceful-fs': [ '4.2.11' ],
1391 silly audit   tapable: [ '2.3.3' ],
1391 silly audit   accepts: [ '2.0.0' ],
1391 silly audit   'body-parser': [ '2.3.0' ],
1391 silly audit   'content-disposition': [ '1.1.0' ],
1391 silly audit   'content-type': [ '1.0.5', '2.1.0' ],
1391 silly audit   cookie: [ '0.7.2', '1.1.1' ],
1391 silly audit   'cookie-signature': [ '1.2.2' ],
1391 silly audit   depd: [ '2.0.0' ],
1391 silly audit   encodeurl: [ '2.0.0' ],
1391 silly audit   'escape-html': [ '1.0.3' ],
1391 silly audit   etag: [ '1.8.1' ],
1391 silly audit   finalhandler: [ '2.1.1' ],
1391 silly audit   fresh: [ '2.0.0' ],
1391 silly audit   'http-errors': [ '2.0.1' ],
1391 silly audit   'merge-descriptors': [ '2.0.0' ],
1391 silly audit   'mime-types': [ '3.0.2' ],
1391 silly audit   'on-finished': [ '2.4.1' ],
1391 silly audit   once: [ '1.4.0' ],
1391 silly audit   parseurl: [ '1.3.3' ],
1391 silly audit   'proxy-addr': [ '2.0.7' ],
1391 silly audit   qs: [ '6.15.3' ],
1391 silly audit   'range-parser': [ '1.3.0' ],
1391 silly audit   router: [ '2.2.0' ],
1391 silly audit   send: [ '1.2.1' ],
1391 silly audit   'serve-static': [ '2.2.1' ],
1391 silly audit   statuses: [ '2.0.2' ],
1391 silly audit   'type-is': [ '2.1.0' ],
1391 silly audit   negotiator: [ '1.0.0' ],
1391 silly audit   bytes: [ '3.1.2' ],
1391 silly audit   'iconv-lite': [ '0.7.3' ],
1391 silly audit   'raw-body': [ '3.0.2' ],
1391 silly audit   inherits: [ '2.0.4' ],
1391 silly audit   setprototypeof: [ '1.2.0' ],
1391 silly audit   toidentifier: [ '1.0.1' ],
1391 silly audit   'safer-buffer': [ '2.1.2' ],
1391 silly audit   'detect-libc': [ '2.1.2' ],
1391 silly audit   'lightningcss-android-arm64': [ '1.32.0' ],
1391 silly audit   'lightningcss-darwin-arm64': [ '1.32.0' ],
1391 silly audit   'lightningcss-darwin-x64': [ '1.32.0' ],
1391 silly audit   'lightningcss-freebsd-x64': [ '1.32.0' ],
1391 silly audit   'lightningcss-linux-arm-gnueabihf': [ '1.32.0' ],
1391 silly audit   'lightningcss-linux-arm64-gnu': [ '1.32.0' ],
1391 silly audit   'lightningcss-linux-arm64-musl': [ '1.32.0' ],
1391 silly audit   'lightningcss-linux-x64-gnu': [ '1.32.0' ],
1391 silly audit   'lightningcss-linux-x64-musl': [ '1.32.0' ],
1391 silly audit   'lightningcss-win32-arm64-msvc': [ '1.32.0' ],
1391 silly audit   'lightningcss-win32-x64-msvc': [ '1.32.0' ],
1391 silly audit   yallist: [ '3.1.1' ],
1391 silly audit   'mime-db': [ '1.54.0' ],
1391 silly audit   'ee-first': [ '1.1.1' ],
1391 silly audit   wrappy: [ '1.0.2' ],
1391 silly audit   forwarded: [ '0.2.0' ],
1391 silly audit   'ipaddr.js': [ '1.9.1' ],
1391 silly audit   'es-define-property': [ '1.0.1' ],
1391 silly audit   'side-channel': [ '1.1.1' ],
1391 silly audit   unpipe: [ '1.0.0' ],
1391 silly audit   scheduler: [ '0.27.0' ],
1391 silly audit   'react-router': [ '7.18.2' ],
1391 silly audit   'set-cookie-parser': [ '2.7.2' ],
1391 silly audit   'is-promise': [ '4.0.0' ],
1391 silly audit   'path-to-regexp': [ '8.4.2' ],
1391 silly audit   tslib: [ '2.8.1' ],
1391 silly audit   'es-errors': [ '1.3.0' ],
1391 silly audit   'object-inspect': [ '1.13.4' ],
1391 silly audit   'side-channel-list': [ '1.0.1' ],
1391 silly audit   'side-channel-map': [ '1.0.1' ],
1391 silly audit   'side-channel-weakmap': [ '1.0.2' ],
1391 silly audit   'call-bound': [ '1.0.4' ],
1391 silly audit   'get-intrinsic': [ '1.3.0' ],
1391 silly audit   'call-bind-apply-helpers': [ '1.0.2' ],
1391 silly audit   'function-bind': [ '1.1.2' ],
1391 silly audit   'es-object-atoms': [ '1.1.2' ],
1391 silly audit   'get-proto': [ '1.0.1' ],
1391 silly audit   gopd: [ '1.2.0' ],
1391 silly audit   'has-symbols': [ '1.1.0' ],
1391 silly audit   hasown: [ '2.0.4' ],
1391 silly audit   'math-intrinsics': [ '1.1.0' ],
1391 silly audit   'dunder-proto': [ '1.0.1' ],
1391 silly audit   'has-flag': [ '4.0.0' ],
1391 silly audit   'media-typer': [ '1.1.1' ],
1391 silly audit   escalade: [ '3.2.0' ],
1391 silly audit   esbuild: [ '0.28.2' ],
1391 silly audit   fdir: [ '6.5.0' ],
1391 silly audit   fsevents: [ '2.3.3' ],
1391 silly audit   picomatch: [ '4.0.5' ],
1391 silly audit   postcss: [ '8.5.26' ],
1391 silly audit   rollup: [ '4.62.4' ],
1391 silly audit   tinyglobby: [ '0.2.17' ],
1391 silly audit   '@esbuild/aix-ppc64': [ '0.28.2' ],
1391 silly audit   '@esbuild/android-arm': [ '0.28.2' ],
1391 silly audit   '@esbuild/android-arm64': [ '0.28.2' ],
1391 silly audit   '@esbuild/android-x64': [ '0.28.2' ],
1391 silly audit   '@esbuild/darwin-arm64': [ '0.28.2' ],
1391 silly audit   '@esbuild/darwin-x64': [ '0.28.2' ],
1391 silly audit   '@esbuild/freebsd-arm64': [ '0.28.2' ],
1391 silly audit   '@esbuild/freebsd-x64': [ '0.28.2' ],
1391 silly audit   '@esbuild/linux-arm': [ '0.28.2' ],
1391 silly audit   '@esbuild/linux-arm64': [ '0.28.2' ],
1391 silly audit   '@esbuild/linux-ia32': [ '0.28.2' ],
1391 silly audit   '@esbuild/linux-loong64': [ '0.28.2' ],
1391 silly audit   '@esbuild/linux-mips64el': [ '0.28.2' ],
1391 silly audit   '@esbuild/linux-ppc64': [ '0.28.2' ],
1391 silly audit   '@esbuild/linux-riscv64': [ '0.28.2' ],
1391 silly audit   '@esbuild/linux-s390x': [ '0.28.2' ],
1391 silly audit   '@esbuild/linux-x64': [ '0.28.2' ],
1391 silly audit   '@esbuild/netbsd-arm64': [ '0.28.2' ],
1391 silly audit   '@esbuild/netbsd-x64': [ '0.28.2' ],
1391 silly audit   '@esbuild/openbsd-arm64': [ '0.28.2' ],
1391 silly audit   '@esbuild/openbsd-x64': [ '0.28.2' ],
1391 silly audit   '@esbuild/openharmony-arm64': [ '0.28.2' ],
1391 silly audit   '@esbuild/sunos-x64': [ '0.28.2' ],
1391 silly audit   '@esbuild/win32-arm64': [ '0.28.2' ],
1391 silly audit   '@esbuild/win32-ia32': [ '0.28.2' ],
1391 silly audit   '@esbuild/win32-x64': [ '0.28.2' ],
1391 silly audit   nanoid: [ '3.3.18' ],
1391 silly audit   '@napi-rs/lzma-linux-x64-gnu': [ '1.5.1' ],
1391 silly audit   '@rollup/rollup-android-arm-eabi': [ '4.62.4' ],
1391 silly audit   '@rollup/rollup-android-arm64': [ '4.62.4' ],
1391 silly audit   '@rollup/rollup-darwin-arm64': [ '4.62.4' ],
1391 silly audit   '@rollup/rollup-darwin-x64': [ '4.62.4' ],
1391 silly audit   '@rollup/rollup-freebsd-arm64': [ '4.62.4' ],
1391 silly audit   '@rollup/rollup-freebsd-x64': [ '4.62.4' ],
1391 silly audit   '@rollup/rollup-linux-arm-gnueabihf': [ '4.62.4' ],
1391 silly audit   '@rollup/rollup-linux-arm-musleabihf': [ '4.62.4' ],
1391 silly audit   '@rollup/rollup-linux-arm64-gnu': [ '4.62.4' ],
1391 silly audit   '@rollup/rollup-linux-arm64-musl': [ '4.62.4' ],
1391 silly audit   '@rollup/rollup-linux-loong64-gnu': [ '4.62.4' ],
1391 silly audit   '@rollup/rollup-linux-loong64-musl': [ '4.62.4' ],
1391 silly audit   '@rollup/rollup-linux-ppc64-gnu': [ '4.62.4' ],
1391 silly audit   '@rollup/rollup-linux-ppc64-musl': [ '4.62.4' ],
1391 silly audit   '@rollup/rollup-linux-riscv64-gnu': [ '4.62.4' ],
1391 silly audit   '@rollup/rollup-linux-riscv64-musl': [ '4.62.4' ],
1391 silly audit   '@rollup/rollup-linux-s390x-gnu': [ '4.62.4' ],
1391 silly audit   '@rollup/rollup-linux-x64-gnu': [ '4.62.4' ],
1391 silly audit   '@rollup/rollup-linux-x64-musl': [ '4.62.4' ],
1391 silly audit   '@rollup/rollup-openbsd-x64': [ '4.62.4' ],
1391 silly audit   '@rollup/rollup-openharmony-arm64': [ '4.62.4' ],
1391 silly audit   '@rollup/rollup-win32-arm64-msvc': [ '4.62.4' ],
1391 silly audit   '@rollup/rollup-win32-ia32-msvc': [ '4.62.4' ],
1391 silly audit   '@rollup/rollup-win32-x64-gnu': [ '4.62.4' ],
1391 silly audit   '@rollup/rollup-win32-x64-msvc': [ '4.62.4' ],
1391 silly audit   '@types/estree': [ '1.0.9' ],
1391 silly audit   cliui: [ '8.0.1' ],
1391 silly audit   'get-caller-file': [ '2.0.5' ],
1391 silly audit   'require-directory': [ '2.1.1' ],
1391 silly audit   'string-width': [ '4.2.3' ],
1391 silly audit   y18n: [ '5.0.8' ],
1391 silly audit   'yargs-parser': [ '21.1.1' ],
1391 silly audit   'strip-ansi': [ '6.0.1' ],
1391 silly audit   'wrap-ansi': [ '7.0.0' ],
1391 silly audit   'emoji-regex': [ '8.0.0' ],
1391 silly audit   'is-fullwidth-code-point': [ '3.0.0' ],
1391 silly audit   'ansi-regex': [ '5.0.1' ]
1391 silly audit }
1392 http cache ansi-regex@https://registry.npmjs.org/ansi-regex/-/ansi-regex-5.0.1.tgz 0ms (cache hit)
1393 http cache is-fullwidth-code-point@https://registry.npmjs.org/is-fullwidth-code-point/-/is-fullwidth-code-point-3.0.0.tgz 0ms (cache hit)
1394 http cache emoji-regex@https://registry.npmjs.org/emoji-regex/-/emoji-regex-8.0.0.tgz 1ms (cache hit)
1395 http cache wrap-ansi@https://registry.npmjs.org/wrap-ansi/-/wrap-ansi-7.0.0.tgz 0ms (cache hit)
1396 http cache strip-ansi@https://registry.npmjs.org/strip-ansi/-/strip-ansi-6.0.1.tgz 0ms (cache hit)
1397 http cache y18n@https://registry.npmjs.org/y18n/-/y18n-5.0.8.tgz 0ms (cache hit)
1398 http cache string-width@https://registry.npmjs.org/string-width/-/string-width-4.2.3.tgz 0ms (cache hit)
1399 http cache yargs-parser@https://registry.npmjs.org/yargs-parser/-/yargs-parser-21.1.1.tgz 0ms (cache hit)
1400 http cache @types/estree@https://registry.npmjs.org/@types/estree/-/estree-1.0.9.tgz 0ms (cache hit)
1401 http cache cliui@https://registry.npmjs.org/cliui/-/cliui-8.0.1.tgz 0ms (cache hit)
1402 http cache @rollup/rollup-win32-x64-msvc@https://registry.npmjs.org/@rollup/rollup-win32-x64-msvc/-/rollup-win32-x64-msvc-4.62.4.tgz 0ms (cache hit)
1403 http cache @rollup/rollup-win32-x64-gnu@https://registry.npmjs.org/@rollup/rollup-win32-x64-gnu/-/rollup-win32-x64-gnu-4.62.4.tgz 0ms (cache hit)
1404 http cache require-directory@https://registry.npmjs.org/require-directory/-/require-directory-2.1.1.tgz 0ms (cache hit)
1405 http cache get-caller-file@https://registry.npmjs.org/get-caller-file/-/get-caller-file-2.0.5.tgz 0ms (cache hit)
1406 http cache @esbuild/win32-x64@https://registry.npmjs.org/@esbuild/win32-x64/-/win32-x64-0.28.2.tgz 0ms (cache hit)
1407 http cache nanoid@https://registry.npmjs.org/nanoid/-/nanoid-3.3.18.tgz 0ms (cache hit)
1408 http cache tinyglobby@https://registry.npmjs.org/tinyglobby/-/tinyglobby-0.2.17.tgz 0ms (cache hit)
1409 http cache picomatch@https://registry.npmjs.org/picomatch/-/picomatch-4.0.5.tgz 0ms (cache hit)
1410 http cache rollup@https://registry.npmjs.org/rollup/-/rollup-4.62.4.tgz 0ms (cache hit)
1411 http cache fdir@https://registry.npmjs.org/fdir/-/fdir-6.5.0.tgz 0ms (cache hit)
1412 http cache postcss@https://registry.npmjs.org/postcss/-/postcss-8.5.26.tgz 0ms (cache hit)
1413 http cache escalade@https://registry.npmjs.org/escalade/-/escalade-3.2.0.tgz 0ms (cache hit)
1414 http cache media-typer@https://registry.npmjs.org/media-typer/-/media-typer-1.1.1.tgz 0ms (cache hit)
1415 http cache esbuild@https://registry.npmjs.org/esbuild/-/esbuild-0.28.2.tgz 0ms (cache hit)
1416 http cache dunder-proto@https://registry.npmjs.org/dunder-proto/-/dunder-proto-1.0.1.tgz 0ms (cache hit)
1417 http cache hasown@https://registry.npmjs.org/hasown/-/hasown-2.0.4.tgz 0ms (cache hit)
1418 http cache math-intrinsics@https://registry.npmjs.org/math-intrinsics/-/math-intrinsics-1.1.0.tgz 0ms (cache hit)
1419 http cache has-flag@https://registry.npmjs.org/has-flag/-/has-flag-4.0.0.tgz 0ms (cache hit)
1420 http cache has-symbols@https://registry.npmjs.org/has-symbols/-/has-symbols-1.1.0.tgz 0ms (cache hit)
1421 http cache get-proto@https://registry.npmjs.org/get-proto/-/get-proto-1.0.1.tgz 0ms (cache hit)
1422 http cache gopd@https://registry.npmjs.org/gopd/-/gopd-1.2.0.tgz 0ms (cache hit)
1423 http cache es-object-atoms@https://registry.npmjs.org/es-object-atoms/-/es-object-atoms-1.1.2.tgz 0ms (cache hit)
1424 http cache call-bound@https://registry.npmjs.org/call-bound/-/call-bound-1.0.4.tgz 0ms (cache hit)
1425 http cache call-bind-apply-helpers@https://registry.npmjs.org/call-bind-apply-helpers/-/call-bind-apply-helpers-1.0.2.tgz 0ms (cache hit)
1426 http cache get-intrinsic@https://registry.npmjs.org/get-intrinsic/-/get-intrinsic-1.3.0.tgz 0ms (cache hit)
1427 http cache function-bind@https://registry.npmjs.org/function-bind/-/function-bind-1.1.2.tgz 0ms (cache hit)
1428 http cache side-channel-weakmap@https://registry.npmjs.org/side-channel-weakmap/-/side-channel-weakmap-1.0.2.tgz 0ms (cache hit)
1429 http cache side-channel-map@https://registry.npmjs.org/side-channel-map/-/side-channel-map-1.0.1.tgz 0ms (cache hit)
1430 http cache object-inspect@https://registry.npmjs.org/object-inspect/-/object-inspect-1.13.4.tgz 0ms (cache hit)
1431 http cache tslib@https://registry.npmjs.org/tslib/-/tslib-2.8.1.tgz 0ms (cache hit)
1432 http cache path-to-regexp@https://registry.npmjs.org/path-to-regexp/-/path-to-regexp-8.4.2.tgz 0ms (cache hit)
1433 http cache set-cookie-parser@https://registry.npmjs.org/set-cookie-parser/-/set-cookie-parser-2.7.2.tgz 0ms (cache hit)
1434 http cache is-promise@https://registry.npmjs.org/is-promise/-/is-promise-4.0.0.tgz 0ms (cache hit)
1435 http cache es-errors@https://registry.npmjs.org/es-errors/-/es-errors-1.3.0.tgz 0ms (cache hit)
1436 http cache side-channel-list@https://registry.npmjs.org/side-channel-list/-/side-channel-list-1.0.1.tgz 0ms (cache hit)
1437 http cache unpipe@https://registry.npmjs.org/unpipe/-/unpipe-1.0.0.tgz 0ms (cache hit)
1438 http cache scheduler@https://registry.npmjs.org/scheduler/-/scheduler-0.27.0.tgz 0ms (cache hit)
1439 http cache react-router@https://registry.npmjs.org/react-router/-/react-router-7.18.2.tgz 0ms (cache hit)
1440 http cache side-channel@https://registry.npmjs.org/side-channel/-/side-channel-1.1.1.tgz 0ms (cache hit)
1441 http cache forwarded@https://registry.npmjs.org/forwarded/-/forwarded-0.2.0.tgz 0ms (cache hit)
1442 http cache es-define-property@https://registry.npmjs.org/es-define-property/-/es-define-property-1.0.1.tgz 0ms (cache hit)
1443 http cache ipaddr.js@https://registry.npmjs.org/ipaddr.js/-/ipaddr.js-1.9.1.tgz 0ms (cache hit)
1444 http cache wrappy@https://registry.npmjs.org/wrappy/-/wrappy-1.0.2.tgz 0ms (cache hit)
1445 http cache ee-first@https://registry.npmjs.org/ee-first/-/ee-first-1.1.1.tgz 0ms (cache hit)
1446 http cache mime-db@https://registry.npmjs.org/mime-db/-/mime-db-1.54.0.tgz 0ms (cache hit)
1447 http cache safer-buffer@https://registry.npmjs.org/safer-buffer/-/safer-buffer-2.1.2.tgz 0ms (cache hit)
1448 http cache detect-libc@https://registry.npmjs.org/detect-libc/-/detect-libc-2.1.2.tgz 0ms (cache hit)
1449 http cache yallist@https://registry.npmjs.org/yallist/-/yallist-3.1.1.tgz 0ms (cache hit)
1450 http cache lightningcss-win32-x64-msvc@https://registry.npmjs.org/lightningcss-win32-x64-msvc/-/lightningcss-win32-x64-msvc-1.32.0.tgz 0ms (cache hit)
1451 http cache toidentifier@https://registry.npmjs.org/toidentifier/-/toidentifier-1.0.1.tgz 0ms (cache hit)
1452 http cache setprototypeof@https://registry.npmjs.org/setprototypeof/-/setprototypeof-1.2.0.tgz 0ms (cache hit)
1453 http cache inherits@https://registry.npmjs.org/inherits/-/inherits-2.0.4.tgz 0ms (cache hit)
1454 http cache raw-body@https://registry.npmjs.org/raw-body/-/raw-body-3.0.2.tgz 0ms (cache hit)
1455 http cache iconv-lite@https://registry.npmjs.org/iconv-lite/-/iconv-lite-0.7.3.tgz 0ms (cache hit)
1456 http cache negotiator@https://registry.npmjs.org/negotiator/-/negotiator-1.0.0.tgz 0ms (cache hit)
1457 http cache bytes@https://registry.npmjs.org/bytes/-/bytes-3.1.2.tgz 0ms (cache hit)
1458 http cache statuses@https://registry.npmjs.org/statuses/-/statuses-2.0.2.tgz 0ms (cache hit)
1459 http cache send@https://registry.npmjs.org/send/-/send-1.2.1.tgz 0ms (cache hit)
1460 http cache type-is@https://registry.npmjs.org/type-is/-/type-is-2.1.0.tgz 0ms (cache hit)
1461 http cache serve-static@https://registry.npmjs.org/serve-static/-/serve-static-2.2.1.tgz 0ms (cache hit)
1462 http cache range-parser@https://registry.npmjs.org/range-parser/-/range-parser-1.3.0.tgz 0ms (cache hit)
1463 http cache parseurl@https://registry.npmjs.org/parseurl/-/parseurl-1.3.3.tgz 0ms (cache hit)
1464 http cache once@https://registry.npmjs.org/once/-/once-1.4.0.tgz 0ms (cache hit)
1465 http cache router@https://registry.npmjs.org/router/-/router-2.2.0.tgz 0ms (cache hit)
1466 http cache qs@https://registry.npmjs.org/qs/-/qs-6.15.3.tgz 0ms (cache hit)
1467 http cache on-finished@https://registry.npmjs.org/on-finished/-/on-finished-2.4.1.tgz 0ms (cache hit)
1468 http cache http-errors@https://registry.npmjs.org/http-errors/-/http-errors-2.0.1.tgz 0ms (cache hit)
1469 http cache merge-descriptors@https://registry.npmjs.org/merge-descriptors/-/merge-descriptors-2.0.0.tgz 0ms (cache hit)
1470 http cache mime-types@https://registry.npmjs.org/mime-types/-/mime-types-3.0.2.tgz 0ms (cache hit)
1471 http cache finalhandler@https://registry.npmjs.org/finalhandler/-/finalhandler-2.1.1.tgz 0ms (cache hit)
1472 http cache fresh@https://registry.npmjs.org/fresh/-/fresh-2.0.0.tgz 0ms (cache hit)
1473 http cache etag@https://registry.npmjs.org/etag/-/etag-1.8.1.tgz 0ms (cache hit)
1474 http cache escape-html@https://registry.npmjs.org/escape-html/-/escape-html-1.0.3.tgz 0ms (cache hit)
1475 http cache proxy-addr@https://registry.npmjs.org/proxy-addr/-/proxy-addr-2.0.7.tgz 0ms (cache hit)
1476 http cache encodeurl@https://registry.npmjs.org/encodeurl/-/encodeurl-2.0.0.tgz 0ms (cache hit)
1477 http cache depd@https://registry.npmjs.org/depd/-/depd-2.0.0.tgz 0ms (cache hit)
1478 http cache cookie-signature@https://registry.npmjs.org/cookie-signature/-/cookie-signature-1.2.2.tgz 0ms (cache hit)
1479 http cache cookie@https://registry.npmjs.org/cookie/-/cookie-0.7.2.tgz 0ms (cache hit)
1480 http cache content-type@https://registry.npmjs.org/content-type/-/content-type-1.0.5.tgz 0ms (cache hit)
1481 http cache accepts@https://registry.npmjs.org/accepts/-/accepts-2.0.0.tgz 0ms (cache hit)
1482 http cache content-disposition@https://registry.npmjs.org/content-disposition/-/content-disposition-1.1.0.tgz 0ms (cache hit)
1483 http cache body-parser@https://registry.npmjs.org/body-parser/-/body-parser-2.3.0.tgz 0ms (cache hit)
1484 http cache tapable@https://registry.npmjs.org/tapable/-/tapable-2.3.3.tgz 0ms (cache hit)
1485 http cache graceful-fs@https://registry.npmjs.org/graceful-fs/-/graceful-fs-4.2.11.tgz 0ms (cache hit)
1486 http cache vary@https://registry.npmjs.org/vary/-/vary-1.1.2.tgz 0ms (cache hit)
1487 http cache ms@https://registry.npmjs.org/ms/-/ms-2.1.3.tgz 0ms (cache hit)
1488 http cache color-name@https://registry.npmjs.org/color-name/-/color-name-1.1.4.tgz 0ms (cache hit)
1489 http cache color-convert@https://registry.npmjs.org/color-convert/-/color-convert-2.0.1.tgz 0ms (cache hit)
1490 http cache ansi-styles@https://registry.npmjs.org/ansi-styles/-/ansi-styles-4.3.0.tgz 0ms (cache hit)
1491 http cache object-assign@https://registry.npmjs.org/object-assign/-/object-assign-4.1.1.tgz 1ms (cache hit)
1492 http cache yargs@https://registry.npmjs.org/yargs/-/yargs-17.7.2.tgz 0ms (cache hit)
1493 http cache tree-kill@https://registry.npmjs.org/tree-kill/-/tree-kill-1.2.2.tgz 0ms (cache hit)
1494 http cache supports-color@https://registry.npmjs.org/supports-color/-/supports-color-8.1.1.tgz 1ms (cache hit)
1495 http cache rxjs@https://registry.npmjs.org/rxjs/-/rxjs-7.8.2.tgz 0ms (cache hit)
1496 http cache chalk@https://registry.npmjs.org/chalk/-/chalk-4.1.2.tgz 0ms (cache hit)
1497 http cache shell-quote@https://registry.npmjs.org/shell-quote/-/shell-quote-1.9.0.tgz 0ms (cache hit)
1498 http cache update-browserslist-db@https://registry.npmjs.org/update-browserslist-db/-/update-browserslist-db-1.3.1.tgz 0ms (cache hit)
1499 http cache caniuse-lite@https://registry.npmjs.org/caniuse-lite/-/caniuse-lite-1.0.30001809.tgz 0ms (cache hit)
1500 http cache node-releases@https://registry.npmjs.org/node-releases/-/node-releases-2.0.53.tgz 0ms (cache hit)
1501 http cache electron-to-chromium@https://registry.npmjs.org/electron-to-chromium/-/electron-to-chromium-1.5.407.tgz 0ms (cache hit)
1502 http cache baseline-browser-mapping@https://registry.npmjs.org/baseline-browser-mapping/-/baseline-browser-mapping-2.11.14.tgz 0ms (cache hit)
1503 http cache @babel/helper-string-parser@https://registry.npmjs.org/@babel/helper-string-parser/-/helper-string-parser-7.29.7.tgz 0ms (cache hit)
1504 http cache @types/babel__traverse@https://registry.npmjs.org/@types/babel__traverse/-/babel__traverse-7.28.0.tgz 0ms (cache hit)
1505 http cache @types/babel__template@https://registry.npmjs.org/@types/babel__template/-/babel__template-7.4.4.tgz 0ms (cache hit)
1506 http cache @types/babel__generator@https://registry.npmjs.org/@types/babel__generator/-/babel__generator-7.27.0.tgz 0ms (cache hit)
1507 http cache lru-cache@https://registry.npmjs.org/lru-cache/-/lru-cache-5.1.1.tgz 0ms (cache hit)
1508 http cache browserslist@https://registry.npmjs.org/browserslist/-/browserslist-4.28.8.tgz 0ms (cache hit)
1509 http cache @babel/helper-globals@https://registry.npmjs.org/@babel/helper-globals/-/helper-globals-7.29.7.tgz 0ms (cache hit)
1510 http cache @babel/helper-plugin-utils@https://registry.npmjs.org/@babel/helper-plugin-utils/-/helper-plugin-utils-7.29.7.tgz 0ms (cache hit)
1511 http cache @babel/helper-module-imports@https://registry.npmjs.org/@babel/helper-module-imports/-/helper-module-imports-7.29.7.tgz 0ms (cache hit)
1512 http cache @babel/helper-validator-option@https://registry.npmjs.org/@babel/helper-validator-option/-/helper-validator-option-7.29.7.tgz 0ms (cache hit)
1513 http cache @babel/compat-data@https://registry.npmjs.org/@babel/compat-data/-/compat-data-7.29.7.tgz 0ms (cache hit)
1514 http cache jsesc@https://registry.npmjs.org/jsesc/-/jsesc-3.1.0.tgz 0ms (cache hit)
1515 http cache @babel/helper-validator-identifier@https://registry.npmjs.org/@babel/helper-validator-identifier/-/helper-validator-identifier-7.29.7.tgz 0ms (cache hit)
1516 http cache picocolors@https://registry.npmjs.org/picocolors/-/picocolors-1.1.1.tgz 0ms (cache hit)
1517 http cache js-tokens@https://registry.npmjs.org/js-tokens/-/js-tokens-4.0.0.tgz 0ms (cache hit)
1518 http cache semver@https://registry.npmjs.org/semver/-/semver-6.3.1.tgz 0ms (cache hit)
1519 http cache json5@https://registry.npmjs.org/json5/-/json5-2.2.3.tgz 0ms (cache hit)
1520 http cache gensync@https://registry.npmjs.org/gensync/-/gensync-1.0.0-beta.2.tgz 0ms (cache hit)
1521 http cache debug@https://registry.npmjs.org/debug/-/debug-4.4.3.tgz 0ms (cache hit)
1522 http cache @babel/types@https://registry.npmjs.org/@babel/types/-/types-7.29.8.tgz 0ms (cache hit)
1523 http cache convert-source-map@https://registry.npmjs.org/convert-source-map/-/convert-source-map-2.0.0.tgz 0ms (cache hit)
1524 http cache @babel/traverse@https://registry.npmjs.org/@babel/traverse/-/traverse-7.29.8.tgz 0ms (cache hit)
1525 http cache @babel/template@https://registry.npmjs.org/@babel/template/-/template-7.29.7.tgz 0ms (cache hit)
1526 http cache @babel/parser@https://registry.npmjs.org/@babel/parser/-/parser-7.29.8.tgz 0ms (cache hit)
1527 http cache @babel/helpers@https://registry.npmjs.org/@babel/helpers/-/helpers-7.29.7.tgz 0ms (cache hit)
1528 http cache react-refresh@https://registry.npmjs.org/react-refresh/-/react-refresh-0.18.0.tgz 0ms (cache hit)
1529 http cache @babel/helper-module-transforms@https://registry.npmjs.org/@babel/helper-module-transforms/-/helper-module-transforms-7.29.7.tgz 0ms (cache hit)
1530 http cache @babel/generator@https://registry.npmjs.org/@babel/generator/-/generator-7.29.8.tgz 0ms (cache hit)
1531 http cache @babel/helper-compilation-targets@https://registry.npmjs.org/@babel/helper-compilation-targets/-/helper-compilation-targets-7.29.7.tgz 0ms (cache hit)
1532 http cache @types/babel__core@https://registry.npmjs.org/@types/babel__core/-/babel__core-7.20.5.tgz 0ms (cache hit)
1533 http cache @rolldown/pluginutils@https://registry.npmjs.org/@rolldown/pluginutils/-/pluginutils-1.0.0-rc.3.tgz 0ms (cache hit)
1534 http cache @babel/code-frame@https://registry.npmjs.org/@babel/code-frame/-/code-frame-7.29.7.tgz 0ms (cache hit)
1535 http cache @babel/plugin-transform-react-jsx-self@https://registry.npmjs.org/@babel/plugin-transform-react-jsx-self/-/plugin-transform-react-jsx-self-7.29.7.tgz 0ms (cache hit)
1536 http cache @tailwindcss/oxide-win32-x64-msvc@https://registry.npmjs.org/@tailwindcss/oxide-win32-x64-msvc/-/oxide-win32-x64-msvc-4.3.3.tgz 0ms (cache hit)
1537 http cache @babel/plugin-transform-react-jsx-source@https://registry.npmjs.org/@babel/plugin-transform-react-jsx-source/-/plugin-transform-react-jsx-source-7.29.7.tgz 0ms (cache hit)
1538 http cache source-map-js@https://registry.npmjs.org/source-map-js/-/source-map-js-1.2.1.tgz 0ms (cache hit)
1539 http cache @jridgewell/resolve-uri@https://registry.npmjs.org/@jridgewell/resolve-uri/-/resolve-uri-3.1.2.tgz 0ms (cache hit)
1540 http cache @babel/core@https://registry.npmjs.org/@babel/core/-/core-7.29.7.tgz 1ms (cache hit)
1541 http cache @jridgewell/sourcemap-codec@https://registry.npmjs.org/@jridgewell/sourcemap-codec/-/sourcemap-codec-1.5.5.tgz 0ms (cache hit)
1542 http cache lightningcss@https://registry.npmjs.org/lightningcss/-/lightningcss-1.32.0.tgz 0ms (cache hit)
1543 http cache @jridgewell/gen-mapping@https://registry.npmjs.org/@jridgewell/gen-mapping/-/gen-mapping-0.3.13.tgz 0ms (cache hit)
1544 http cache @jridgewell/trace-mapping@https://registry.npmjs.org/@jridgewell/trace-mapping/-/trace-mapping-0.3.31.tgz 0ms (cache hit)
1545 http cache @tailwindcss/oxide@https://registry.npmjs.org/@tailwindcss/oxide/-/oxide-4.3.3.tgz 0ms (cache hit)
1546 http cache @jridgewell/remapping@https://registry.npmjs.org/@jridgewell/remapping/-/remapping-2.3.5.tgz 0ms (cache hit)
1547 http cache magic-string@https://registry.npmjs.org/magic-string/-/magic-string-0.30.21.tgz 0ms (cache hit)
1548 http cache jiti@https://registry.npmjs.org/jiti/-/jiti-2.7.0.tgz 0ms (cache hit)
1549 http cache @tailwindcss/node@https://registry.npmjs.org/@tailwindcss/node/-/node-4.3.3.tgz 0ms (cache hit)
1550 http cache tailwindcss@https://registry.npmjs.org/tailwindcss/-/tailwindcss-4.3.3.tgz 0ms (cache hit)
1551 http cache react-dom@https://registry.npmjs.org/react-dom/-/react-dom-19.2.8.tgz 0ms (cache hit)
1552 http cache react-router-dom@https://registry.npmjs.org/react-router-dom/-/react-router-dom-7.18.2.tgz 0ms (cache hit)
1553 http cache express@https://registry.npmjs.org/express/-/express-5.2.1.tgz 0ms (cache hit)
1554 http cache react@https://registry.npmjs.org/react/-/react-19.2.8.tgz 0ms (cache hit)
1555 http cache cors@https://registry.npmjs.org/cors/-/cors-2.8.6.tgz 0ms (cache hit)
1556 http cache @vitejs/plugin-react@https://registry.npmjs.org/@vitejs/plugin-react/-/plugin-react-5.2.0.tgz 0ms (cache hit)
1557 http cache concurrently@https://registry.npmjs.org/concurrently/-/concurrently-9.2.4.tgz 0ms (cache hit)
1558 http cache cookie@https://registry.npmjs.org/cookie/-/cookie-1.1.1.tgz 0ms (cache hit)
1559 http cache vite@https://registry.npmjs.org/vite/-/vite-7.3.6.tgz 0ms (cache hit)
1560 http cache @tailwindcss/vite@https://registry.npmjs.org/@tailwindcss/vite/-/vite-4.3.3.tgz 0ms (cache hit)
1561 http cache enhanced-resolve@https://registry.npmjs.org/enhanced-resolve/-/enhanced-resolve-5.24.5.tgz 0ms (cache hit)
1562 silly tarball no local data for ansi-regex@https://registry.npmjs.org/ansi-regex/-/ansi-regex-5.0.1.tgz. Extracting by manifest.
1563 silly tarball no local data for is-fullwidth-code-point@https://registry.npmjs.org/is-fullwidth-code-point/-/is-fullwidth-code-point-3.0.0.tgz. Extracting by manifest.
1564 silly tarball no local data for emoji-regex@https://registry.npmjs.org/emoji-regex/-/emoji-regex-8.0.0.tgz. Extracting by manifest.
1565 silly tarball no local data for wrap-ansi@https://registry.npmjs.org/wrap-ansi/-/wrap-ansi-7.0.0.tgz. Extracting by manifest.
1566 silly tarball no local data for strip-ansi@https://registry.npmjs.org/strip-ansi/-/strip-ansi-6.0.1.tgz. Extracting by manifest.
1567 http cache content-type@https://registry.npmjs.org/content-type/-/content-type-2.1.0.tgz 0ms (cache hit)
1568 silly tarball no local data for y18n@https://registry.npmjs.org/y18n/-/y18n-5.0.8.tgz. Extracting by manifest.
1569 silly tarball no local data for string-width@https://registry.npmjs.org/string-width/-/string-width-4.2.3.tgz. Extracting by manifest.
1570 silly tarball no local data for yargs-parser@https://registry.npmjs.org/yargs-parser/-/yargs-parser-21.1.1.tgz. Extracting by manifest.
1571 silly tarball no local data for @types/estree@https://registry.npmjs.org/@types/estree/-/estree-1.0.9.tgz. Extracting by manifest.
1572 silly tarball no local data for cliui@https://registry.npmjs.org/cliui/-/cliui-8.0.1.tgz. Extracting by manifest.
1573 http cache supports-color@https://registry.npmjs.org/supports-color/-/supports-color-7.2.0.tgz 0ms (cache hit)
1574 silly tarball no local data for @rollup/rollup-win32-x64-msvc@https://registry.npmjs.org/@rollup/rollup-win32-x64-msvc/-/rollup-win32-x64-msvc-4.62.4.tgz. Extracting by manifest.
1575 silly tarball no local data for @rollup/rollup-win32-x64-gnu@https://registry.npmjs.org/@rollup/rollup-win32-x64-gnu/-/rollup-win32-x64-gnu-4.62.4.tgz. Extracting by manifest.
1576 silly tarball no local data for require-directory@https://registry.npmjs.org/require-directory/-/require-directory-2.1.1.tgz. Extracting by manifest.
1577 silly tarball no local data for get-caller-file@https://registry.npmjs.org/get-caller-file/-/get-caller-file-2.0.5.tgz. Extracting by manifest.
1578 http cache content-type@https://registry.npmjs.org/content-type/-/content-type-2.1.0.tgz 0ms (cache hit)
1579 silly tarball no local data for @esbuild/win32-x64@https://registry.npmjs.org/@esbuild/win32-x64/-/win32-x64-0.28.2.tgz. Extracting by manifest.
1580 silly tarball no local data for nanoid@https://registry.npmjs.org/nanoid/-/nanoid-3.3.18.tgz. Extracting by manifest.
1581 silly tarball no local data for tinyglobby@https://registry.npmjs.org/tinyglobby/-/tinyglobby-0.2.17.tgz. Extracting by manifest.
1582 silly tarball no local data for picomatch@https://registry.npmjs.org/picomatch/-/picomatch-4.0.5.tgz. Extracting by manifest.
1583 silly tarball no local data for rollup@https://registry.npmjs.org/rollup/-/rollup-4.62.4.tgz. Extracting by manifest.
1584 silly tarball no local data for fdir@https://registry.npmjs.org/fdir/-/fdir-6.5.0.tgz. Extracting by manifest.
1585 silly tarball no local data for postcss@https://registry.npmjs.org/postcss/-/postcss-8.5.26.tgz. Extracting by manifest.
1586 silly tarball no local data for escalade@https://registry.npmjs.org/escalade/-/escalade-3.2.0.tgz. Extracting by manifest.
1587 silly tarball no local data for media-typer@https://registry.npmjs.org/media-typer/-/media-typer-1.1.1.tgz. Extracting by manifest.
1588 silly tarball no local data for esbuild@https://registry.npmjs.org/esbuild/-/esbuild-0.28.2.tgz. Extracting by manifest.
1589 silly tarball no local data for dunder-proto@https://registry.npmjs.org/dunder-proto/-/dunder-proto-1.0.1.tgz. Extracting by manifest.
1590 silly tarball no local data for hasown@https://registry.npmjs.org/hasown/-/hasown-2.0.4.tgz. Extracting by manifest.
1591 silly tarball no local data for math-intrinsics@https://registry.npmjs.org/math-intrinsics/-/math-intrinsics-1.1.0.tgz. Extracting by manifest.
1592 silly tarball no local data for has-flag@https://registry.npmjs.org/has-flag/-/has-flag-4.0.0.tgz. Extracting by manifest.
1593 silly tarball no local data for has-symbols@https://registry.npmjs.org/has-symbols/-/has-symbols-1.1.0.tgz. Extracting by manifest.
1594 silly tarball no local data for get-proto@https://registry.npmjs.org/get-proto/-/get-proto-1.0.1.tgz. Extracting by manifest.
1595 silly tarball no local data for gopd@https://registry.npmjs.org/gopd/-/gopd-1.2.0.tgz. Extracting by manifest.
1596 silly tarball no local data for es-object-atoms@https://registry.npmjs.org/es-object-atoms/-/es-object-atoms-1.1.2.tgz. Extracting by manifest.
1597 silly tarball no local data for call-bound@https://registry.npmjs.org/call-bound/-/call-bound-1.0.4.tgz. Extracting by manifest.
1598 silly tarball no local data for call-bind-apply-helpers@https://registry.npmjs.org/call-bind-apply-helpers/-/call-bind-apply-helpers-1.0.2.tgz. Extracting by manifest.
1599 silly tarball no local data for get-intrinsic@https://registry.npmjs.org/get-intrinsic/-/get-intrinsic-1.3.0.tgz. Extracting by manifest.
1600 silly tarball no local data for function-bind@https://registry.npmjs.org/function-bind/-/function-bind-1.1.2.tgz. Extracting by manifest.
1601 silly tarball no local data for side-channel-weakmap@https://registry.npmjs.org/side-channel-weakmap/-/side-channel-weakmap-1.0.2.tgz. Extracting by manifest.
1602 silly tarball no local data for side-channel-map@https://registry.npmjs.org/side-channel-map/-/side-channel-map-1.0.1.tgz. Extracting by manifest.
1603 silly tarball no local data for object-inspect@https://registry.npmjs.org/object-inspect/-/object-inspect-1.13.4.tgz. Extracting by manifest.
1604 silly tarball no local data for tslib@https://registry.npmjs.org/tslib/-/tslib-2.8.1.tgz. Extracting by manifest.
1605 silly tarball no local data for path-to-regexp@https://registry.npmjs.org/path-to-regexp/-/path-to-regexp-8.4.2.tgz. Extracting by manifest.
1606 silly tarball no local data for set-cookie-parser@https://registry.npmjs.org/set-cookie-parser/-/set-cookie-parser-2.7.2.tgz. Extracting by manifest.
1607 silly tarball no local data for is-promise@https://registry.npmjs.org/is-promise/-/is-promise-4.0.0.tgz. Extracting by manifest.
1608 silly tarball no local data for es-errors@https://registry.npmjs.org/es-errors/-/es-errors-1.3.0.tgz. Extracting by manifest.
1609 silly tarball no local data for side-channel-list@https://registry.npmjs.org/side-channel-list/-/side-channel-list-1.0.1.tgz. Extracting by manifest.
1610 silly tarball no local data for unpipe@https://registry.npmjs.org/unpipe/-/unpipe-1.0.0.tgz. Extracting by manifest.
1611 silly tarball no local data for scheduler@https://registry.npmjs.org/scheduler/-/scheduler-0.27.0.tgz. Extracting by manifest.
1612 silly tarball no local data for react-router@https://registry.npmjs.org/react-router/-/react-router-7.18.2.tgz. Extracting by manifest.
1613 silly tarball no local data for side-channel@https://registry.npmjs.org/side-channel/-/side-channel-1.1.1.tgz. Extracting by manifest.
1614 silly tarball no local data for forwarded@https://registry.npmjs.org/forwarded/-/forwarded-0.2.0.tgz. Extracting by manifest.
1615 silly tarball no local data for es-define-property@https://registry.npmjs.org/es-define-property/-/es-define-property-1.0.1.tgz. Extracting by manifest.
1616 silly tarball no local data for ipaddr.js@https://registry.npmjs.org/ipaddr.js/-/ipaddr.js-1.9.1.tgz. Extracting by manifest.
1617 silly tarball no local data for wrappy@https://registry.npmjs.org/wrappy/-/wrappy-1.0.2.tgz. Extracting by manifest.
1618 silly tarball no local data for ee-first@https://registry.npmjs.org/ee-first/-/ee-first-1.1.1.tgz. Extracting by manifest.
1619 silly tarball no local data for mime-db@https://registry.npmjs.org/mime-db/-/mime-db-1.54.0.tgz. Extracting by manifest.
1620 silly tarball no local data for safer-buffer@https://registry.npmjs.org/safer-buffer/-/safer-buffer-2.1.2.tgz. Extracting by manifest.
1621 silly tarball no local data for detect-libc@https://registry.npmjs.org/detect-libc/-/detect-libc-2.1.2.tgz. Extracting by manifest.
1622 silly tarball no local data for yallist@https://registry.npmjs.org/yallist/-/yallist-3.1.1.tgz. Extracting by manifest.
1623 silly tarball no local data for lightningcss-win32-x64-msvc@https://registry.npmjs.org/lightningcss-win32-x64-msvc/-/lightningcss-win32-x64-msvc-1.32.0.tgz. Extracting by manifest.
1624 silly tarball no local data for toidentifier@https://registry.npmjs.org/toidentifier/-/toidentifier-1.0.1.tgz. Extracting by manifest.
1625 silly tarball no local data for setprototypeof@https://registry.npmjs.org/setprototypeof/-/setprototypeof-1.2.0.tgz. Extracting by manifest.
1626 silly tarball no local data for inherits@https://registry.npmjs.org/inherits/-/inherits-2.0.4.tgz. Extracting by manifest.
1627 silly tarball no local data for raw-body@https://registry.npmjs.org/raw-body/-/raw-body-3.0.2.tgz. Extracting by manifest.
1628 silly tarball no local data for iconv-lite@https://registry.npmjs.org/iconv-lite/-/iconv-lite-0.7.3.tgz. Extracting by manifest.
1629 silly tarball no local data for negotiator@https://registry.npmjs.org/negotiator/-/negotiator-1.0.0.tgz. Extracting by manifest.
1630 silly tarball no local data for bytes@https://registry.npmjs.org/bytes/-/bytes-3.1.2.tgz. Extracting by manifest.
1631 silly tarball no local data for statuses@https://registry.npmjs.org/statuses/-/statuses-2.0.2.tgz. Extracting by manifest.
1632 silly tarball no local data for send@https://registry.npmjs.org/send/-/send-1.2.1.tgz. Extracting by manifest.
1633 silly tarball no local data for type-is@https://registry.npmjs.org/type-is/-/type-is-2.1.0.tgz. Extracting by manifest.
1634 silly tarball no local data for serve-static@https://registry.npmjs.org/serve-static/-/serve-static-2.2.1.tgz. Extracting by manifest.
1635 silly tarball no local data for range-parser@https://registry.npmjs.org/range-parser/-/range-parser-1.3.0.tgz. Extracting by manifest.
1636 silly tarball no local data for parseurl@https://registry.npmjs.org/parseurl/-/parseurl-1.3.3.tgz. Extracting by manifest.
1637 silly tarball no local data for once@https://registry.npmjs.org/once/-/once-1.4.0.tgz. Extracting by manifest.
1638 silly tarball no local data for router@https://registry.npmjs.org/router/-/router-2.2.0.tgz. Extracting by manifest.
1639 silly tarball no local data for qs@https://registry.npmjs.org/qs/-/qs-6.15.3.tgz. Extracting by manifest.
1640 silly tarball no local data for on-finished@https://registry.npmjs.org/on-finished/-/on-finished-2.4.1.tgz. Extracting by manifest.
1641 silly tarball no local data for http-errors@https://registry.npmjs.org/http-errors/-/http-errors-2.0.1.tgz. Extracting by manifest.
1642 silly tarball no local data for merge-descriptors@https://registry.npmjs.org/merge-descriptors/-/merge-descriptors-2.0.0.tgz. Extracting by manifest.
1643 silly tarball no local data for mime-types@https://registry.npmjs.org/mime-types/-/mime-types-3.0.2.tgz. Extracting by manifest.
1644 silly tarball no local data for finalhandler@https://registry.npmjs.org/finalhandler/-/finalhandler-2.1.1.tgz. Extracting by manifest.
1645 silly tarball no local data for fresh@https://registry.npmjs.org/fresh/-/fresh-2.0.0.tgz. Extracting by manifest.
1646 silly tarball no local data for etag@https://registry.npmjs.org/etag/-/etag-1.8.1.tgz. Extracting by manifest.
1647 silly tarball no local data for escape-html@https://registry.npmjs.org/escape-html/-/escape-html-1.0.3.tgz. Extracting by manifest.
1648 silly tarball no local data for proxy-addr@https://registry.npmjs.org/proxy-addr/-/proxy-addr-2.0.7.tgz. Extracting by manifest.
1649 silly tarball no local data for encodeurl@https://registry.npmjs.org/encodeurl/-/encodeurl-2.0.0.tgz. Extracting by manifest.
1650 silly tarball no local data for depd@https://registry.npmjs.org/depd/-/depd-2.0.0.tgz. Extracting by manifest.
1651 silly tarball no local data for cookie-signature@https://registry.npmjs.org/cookie-signature/-/cookie-signature-1.2.2.tgz. Extracting by manifest.
1652 silly tarball no local data for cookie@https://registry.npmjs.org/cookie/-/cookie-0.7.2.tgz. Extracting by manifest.
1653 silly tarball no local data for content-type@https://registry.npmjs.org/content-type/-/content-type-1.0.5.tgz. Extracting by manifest.
1654 silly tarball no local data for accepts@https://registry.npmjs.org/accepts/-/accepts-2.0.0.tgz. Extracting by manifest.
1655 silly tarball no local data for content-disposition@https://registry.npmjs.org/content-disposition/-/content-disposition-1.1.0.tgz. Extracting by manifest.
1656 silly tarball no local data for body-parser@https://registry.npmjs.org/body-parser/-/body-parser-2.3.0.tgz. Extracting by manifest.
1657 silly tarball no local data for tapable@https://registry.npmjs.org/tapable/-/tapable-2.3.3.tgz. Extracting by manifest.
1658 silly tarball no local data for graceful-fs@https://registry.npmjs.org/graceful-fs/-/graceful-fs-4.2.11.tgz. Extracting by manifest.
1659 silly tarball no local data for vary@https://registry.npmjs.org/vary/-/vary-1.1.2.tgz. Extracting by manifest.
1660 silly tarball no local data for ms@https://registry.npmjs.org/ms/-/ms-2.1.3.tgz. Extracting by manifest.
1661 silly tarball no local data for color-name@https://registry.npmjs.org/color-name/-/color-name-1.1.4.tgz. Extracting by manifest.
1662 silly tarball no local data for color-convert@https://registry.npmjs.org/color-convert/-/color-convert-2.0.1.tgz. Extracting by manifest.
1663 silly tarball no local data for ansi-styles@https://registry.npmjs.org/ansi-styles/-/ansi-styles-4.3.0.tgz. Extracting by manifest.
1664 silly tarball no local data for object-assign@https://registry.npmjs.org/object-assign/-/object-assign-4.1.1.tgz. Extracting by manifest.
1665 silly tarball no local data for yargs@https://registry.npmjs.org/yargs/-/yargs-17.7.2.tgz. Extracting by manifest.
1666 silly tarball no local data for tree-kill@https://registry.npmjs.org/tree-kill/-/tree-kill-1.2.2.tgz. Extracting by manifest.
1667 silly tarball no local data for supports-color@https://registry.npmjs.org/supports-color/-/supports-color-8.1.1.tgz. Extracting by manifest.
1668 silly tarball no local data for rxjs@https://registry.npmjs.org/rxjs/-/rxjs-7.8.2.tgz. Extracting by manifest.
1669 silly tarball no local data for chalk@https://registry.npmjs.org/chalk/-/chalk-4.1.2.tgz. Extracting by manifest.
1670 silly tarball no local data for shell-quote@https://registry.npmjs.org/shell-quote/-/shell-quote-1.9.0.tgz. Extracting by manifest.
1671 silly tarball no local data for update-browserslist-db@https://registry.npmjs.org/update-browserslist-db/-/update-browserslist-db-1.3.1.tgz. Extracting by manifest.
1672 silly tarball no local data for caniuse-lite@https://registry.npmjs.org/caniuse-lite/-/caniuse-lite-1.0.30001809.tgz. Extracting by manifest.
1673 silly tarball no local data for node-releases@https://registry.npmjs.org/node-releases/-/node-releases-2.0.53.tgz. Extracting by manifest.
1674 silly tarball no local data for electron-to-chromium@https://registry.npmjs.org/electron-to-chromium/-/electron-to-chromium-1.5.407.tgz. Extracting by manifest.
1675 silly tarball no local data for baseline-browser-mapping@https://registry.npmjs.org/baseline-browser-mapping/-/baseline-browser-mapping-2.11.14.tgz. Extracting by manifest.
1676 silly tarball no local data for @babel/helper-string-parser@https://registry.npmjs.org/@babel/helper-string-parser/-/helper-string-parser-7.29.7.tgz. Extracting by manifest.
1677 silly tarball no local data for @types/babel__traverse@https://registry.npmjs.org/@types/babel__traverse/-/babel__traverse-7.28.0.tgz. Extracting by manifest.
1678 silly tarball no local data for @types/babel__template@https://registry.npmjs.org/@types/babel__template/-/babel__template-7.4.4.tgz. Extracting by manifest.
1679 silly tarball no local data for @types/babel__generator@https://registry.npmjs.org/@types/babel__generator/-/babel__generator-7.27.0.tgz. Extracting by manifest.
1680 silly tarball no local data for lru-cache@https://registry.npmjs.org/lru-cache/-/lru-cache-5.1.1.tgz. Extracting by manifest.
1681 silly tarball no local data for browserslist@https://registry.npmjs.org/browserslist/-/browserslist-4.28.8.tgz. Extracting by manifest.
1682 silly tarball no local data for @babel/helper-globals@https://registry.npmjs.org/@babel/helper-globals/-/helper-globals-7.29.7.tgz. Extracting by manifest.
1683 silly tarball no local data for @babel/helper-plugin-utils@https://registry.npmjs.org/@babel/helper-plugin-utils/-/helper-plugin-utils-7.29.7.tgz. Extracting by manifest.
1684 silly tarball no local data for @babel/helper-module-imports@https://registry.npmjs.org/@babel/helper-module-imports/-/helper-module-imports-7.29.7.tgz. Extracting by manifest.
1685 silly tarball no local data for @babel/helper-validator-option@https://registry.npmjs.org/@babel/helper-validator-option/-/helper-validator-option-7.29.7.tgz. Extracting by manifest.
1686 silly tarball no local data for @babel/compat-data@https://registry.npmjs.org/@babel/compat-data/-/compat-data-7.29.7.tgz. Extracting by manifest.
1687 silly tarball no local data for jsesc@https://registry.npmjs.org/jsesc/-/jsesc-3.1.0.tgz. Extracting by manifest.
1688 silly tarball no local data for @babel/helper-validator-identifier@https://registry.npmjs.org/@babel/helper-validator-identifier/-/helper-validator-identifier-7.29.7.tgz. Extracting by manifest.
1689 silly tarball no local data for picocolors@https://registry.npmjs.org/picocolors/-/picocolors-1.1.1.tgz. Extracting by manifest.
1690 silly tarball no local data for js-tokens@https://registry.npmjs.org/js-tokens/-/js-tokens-4.0.0.tgz. Extracting by manifest.
1691 silly tarball no local data for semver@https://registry.npmjs.org/semver/-/semver-6.3.1.tgz. Extracting by manifest.
1692 silly tarball no local data for json5@https://registry.npmjs.org/json5/-/json5-2.2.3.tgz. Extracting by manifest.
1693 silly tarball no local data for gensync@https://registry.npmjs.org/gensync/-/gensync-1.0.0-beta.2.tgz. Extracting by manifest.
1694 silly tarball no local data for debug@https://registry.npmjs.org/debug/-/debug-4.4.3.tgz. Extracting by manifest.
1695 silly tarball no local data for @babel/types@https://registry.npmjs.org/@babel/types/-/types-7.29.8.tgz. Extracting by manifest.
1696 silly tarball no local data for convert-source-map@https://registry.npmjs.org/convert-source-map/-/convert-source-map-2.0.0.tgz. Extracting by manifest.
1697 silly tarball no local data for @babel/traverse@https://registry.npmjs.org/@babel/traverse/-/traverse-7.29.8.tgz. Extracting by manifest.
1698 silly tarball no local data for @babel/template@https://registry.npmjs.org/@babel/template/-/template-7.29.7.tgz. Extracting by manifest.
1699 silly tarball no local data for @babel/parser@https://registry.npmjs.org/@babel/parser/-/parser-7.29.8.tgz. Extracting by manifest.
1700 silly tarball no local data for @babel/helpers@https://registry.npmjs.org/@babel/helpers/-/helpers-7.29.7.tgz. Extracting by manifest.
1701 silly tarball no local data for react-refresh@https://registry.npmjs.org/react-refresh/-/react-refresh-0.18.0.tgz. Extracting by manifest.
1702 silly tarball no local data for @babel/helper-module-transforms@https://registry.npmjs.org/@babel/helper-module-transforms/-/helper-module-transforms-7.29.7.tgz. Extracting by manifest.
1703 silly tarball no local data for @babel/generator@https://registry.npmjs.org/@babel/generator/-/generator-7.29.8.tgz. Extracting by manifest.
1704 silly tarball no local data for @babel/helper-compilation-targets@https://registry.npmjs.org/@babel/helper-compilation-targets/-/helper-compilation-targets-7.29.7.tgz. Extracting by manifest.
1705 silly tarball no local data for @types/babel__core@https://registry.npmjs.org/@types/babel__core/-/babel__core-7.20.5.tgz. Extracting by manifest.
1706 silly tarball no local data for @rolldown/pluginutils@https://registry.npmjs.org/@rolldown/pluginutils/-/pluginutils-1.0.0-rc.3.tgz. Extracting by manifest.
1707 silly tarball no local data for @babel/code-frame@https://registry.npmjs.org/@babel/code-frame/-/code-frame-7.29.7.tgz. Extracting by manifest.
1708 silly tarball no local data for @babel/plugin-transform-react-jsx-self@https://registry.npmjs.org/@babel/plugin-transform-react-jsx-self/-/plugin-transform-react-jsx-self-7.29.7.tgz. Extracting by manifest.
1709 silly tarball no local data for @tailwindcss/oxide-win32-x64-msvc@https://registry.npmjs.org/@tailwindcss/oxide-win32-x64-msvc/-/oxide-win32-x64-msvc-4.3.3.tgz. Extracting by manifest.
1710 silly tarball no local data for @babel/plugin-transform-react-jsx-source@https://registry.npmjs.org/@babel/plugin-transform-react-jsx-source/-/plugin-transform-react-jsx-source-7.29.7.tgz. Extracting by manifest.
1711 silly tarball no local data for source-map-js@https://registry.npmjs.org/source-map-js/-/source-map-js-1.2.1.tgz. Extracting by manifest.
1712 silly tarball no local data for @jridgewell/resolve-uri@https://registry.npmjs.org/@jridgewell/resolve-uri/-/resolve-uri-3.1.2.tgz. Extracting by manifest.
1713 silly tarball no local data for @babel/core@https://registry.npmjs.org/@babel/core/-/core-7.29.7.tgz. Extracting by manifest.
1714 silly tarball no local data for @jridgewell/sourcemap-codec@https://registry.npmjs.org/@jridgewell/sourcemap-codec/-/sourcemap-codec-1.5.5.tgz. Extracting by manifest.
1715 silly tarball no local data for lightningcss@https://registry.npmjs.org/lightningcss/-/lightningcss-1.32.0.tgz. Extracting by manifest.
1716 silly tarball no local data for @jridgewell/gen-mapping@https://registry.npmjs.org/@jridgewell/gen-mapping/-/gen-mapping-0.3.13.tgz. Extracting by manifest.
1717 silly tarball no local data for @jridgewell/trace-mapping@https://registry.npmjs.org/@jridgewell/trace-mapping/-/trace-mapping-0.3.31.tgz. Extracting by manifest.
1718 silly tarball no local data for @tailwindcss/oxide@https://registry.npmjs.org/@tailwindcss/oxide/-/oxide-4.3.3.tgz. Extracting by manifest.
1719 silly tarball no local data for @jridgewell/remapping@https://registry.npmjs.org/@jridgewell/remapping/-/remapping-2.3.5.tgz. Extracting by manifest.
1720 silly tarball no local data for magic-string@https://registry.npmjs.org/magic-string/-/magic-string-0.30.21.tgz. Extracting by manifest.
1721 silly tarball no local data for jiti@https://registry.npmjs.org/jiti/-/jiti-2.7.0.tgz. Extracting by manifest.
1722 silly tarball no local data for @tailwindcss/node@https://registry.npmjs.org/@tailwindcss/node/-/node-4.3.3.tgz. Extracting by manifest.
1723 silly tarball no local data for tailwindcss@https://registry.npmjs.org/tailwindcss/-/tailwindcss-4.3.3.tgz. Extracting by manifest.
1724 silly tarball no local data for react-dom@https://registry.npmjs.org/react-dom/-/react-dom-19.2.8.tgz. Extracting by manifest.
1725 silly tarball no local data for react-router-dom@https://registry.npmjs.org/react-router-dom/-/react-router-dom-7.18.2.tgz. Extracting by manifest.
1726 silly tarball no local data for express@https://registry.npmjs.org/express/-/express-5.2.1.tgz. Extracting by manifest.
1727 silly tarball no local data for react@https://registry.npmjs.org/react/-/react-19.2.8.tgz. Extracting by manifest.
1728 silly tarball no local data for cors@https://registry.npmjs.org/cors/-/cors-2.8.6.tgz. Extracting by manifest.
1729 silly tarball no local data for @vitejs/plugin-react@https://registry.npmjs.org/@vitejs/plugin-react/-/plugin-react-5.2.0.tgz. Extracting by manifest.
1730 silly tarball no local data for concurrently@https://registry.npmjs.org/concurrently/-/concurrently-9.2.4.tgz. Extracting by manifest.
1731 silly tarball no local data for cookie@https://registry.npmjs.org/cookie/-/cookie-1.1.1.tgz. Extracting by manifest.
1732 silly tarball no local data for vite@https://registry.npmjs.org/vite/-/vite-7.3.6.tgz. Extracting by manifest.
1733 silly tarball no local data for @tailwindcss/vite@https://registry.npmjs.org/@tailwindcss/vite/-/vite-4.3.3.tgz. Extracting by manifest.
1734 silly tarball no local data for enhanced-resolve@https://registry.npmjs.org/enhanced-resolve/-/enhanced-resolve-5.24.5.tgz. Extracting by manifest.
1735 silly tarball no local data for content-type@https://registry.npmjs.org/content-type/-/content-type-2.1.0.tgz. Extracting by manifest.
1736 silly tarball no local data for supports-color@https://registry.npmjs.org/supports-color/-/supports-color-7.2.0.tgz. Extracting by manifest.
1737 silly tarball no local data for content-type@https://registry.npmjs.org/content-type/-/content-type-2.1.0.tgz. Extracting by manifest.
1738 http fetch POST 200 https://registry.npmjs.org/-/npm/v1/security/advisories/bulk 828ms
1739 silly audit report {}
1740 http fetch GET 200 https://registry.npmjs.org/emoji-regex/-/emoji-regex-8.0.0.tgz 834ms (cache miss)
1741 http fetch GET 200 https://registry.npmjs.org/is-fullwidth-code-point/-/is-fullwidth-code-point-3.0.0.tgz 849ms (cache miss)
1742 http fetch GET 200 https://registry.npmjs.org/cliui/-/cliui-8.0.1.tgz 859ms (cache miss)
1743 http fetch GET 200 https://registry.npmjs.org/string-width/-/string-width-4.2.3.tgz 865ms (cache miss)
1744 http fetch GET 200 https://registry.npmjs.org/ansi-regex/-/ansi-regex-5.0.1.tgz 891ms (cache miss)
1745 http fetch GET 200 https://registry.npmjs.org/y18n/-/y18n-5.0.8.tgz 884ms (cache miss)
1746 http fetch GET 200 https://registry.npmjs.org/strip-ansi/-/strip-ansi-6.0.1.tgz 887ms (cache miss)
1747 http fetch GET 200 https://registry.npmjs.org/wrap-ansi/-/wrap-ansi-7.0.0.tgz 891ms (cache miss)
1748 http fetch GET 200 https://registry.npmjs.org/tinyglobby/-/tinyglobby-0.2.17.tgz 996ms (cache miss)
1749 http fetch GET 200 https://registry.npmjs.org/escalade/-/escalade-3.2.0.tgz 990ms (cache miss)
1750 http fetch GET 200 https://registry.npmjs.org/fdir/-/fdir-6.5.0.tgz 1004ms (cache miss)
1751 http fetch GET 200 https://registry.npmjs.org/media-typer/-/media-typer-1.1.1.tgz 1008ms (cache miss)
1752 http fetch GET 200 https://registry.npmjs.org/hasown/-/hasown-2.0.4.tgz 1044ms (cache miss)
1753 http fetch GET 200 https://registry.npmjs.org/has-flag/-/has-flag-4.0.0.tgz 1043ms (cache miss)
1754 http fetch GET 200 https://registry.npmjs.org/math-intrinsics/-/math-intrinsics-1.1.0.tgz 1045ms (cache miss)
1755 http fetch GET 200 https://registry.npmjs.org/gopd/-/gopd-1.2.0.tgz 1048ms (cache miss)
1756 http fetch GET 200 https://registry.npmjs.org/get-proto/-/get-proto-1.0.1.tgz 1050ms (cache miss)
1757 http fetch GET 200 https://registry.npmjs.org/is-promise/-/is-promise-4.0.0.tgz 1035ms (cache miss)
1758 http fetch GET 200 https://registry.npmjs.org/dunder-proto/-/dunder-proto-1.0.1.tgz 1061ms (cache miss)
1759 http fetch GET 200 https://registry.npmjs.org/@types/estree/-/estree-1.0.9.tgz 1100ms (cache miss)
1760 http fetch GET 200 https://registry.npmjs.org/es-object-atoms/-/es-object-atoms-1.1.2.tgz 1076ms (cache miss)
1761 http fetch GET 200 https://registry.npmjs.org/call-bound/-/call-bound-1.0.4.tgz 1076ms (cache miss)
1762 http fetch GET 200 https://registry.npmjs.org/call-bind-apply-helpers/-/call-bind-apply-helpers-1.0.2.tgz 1076ms (cache miss)
1763 http fetch GET 200 https://registry.npmjs.org/side-channel-weakmap/-/side-channel-weakmap-1.0.2.tgz 1074ms (cache miss)
1764 http fetch GET 200 https://registry.npmjs.org/path-to-regexp/-/path-to-regexp-8.4.2.tgz 1071ms (cache miss)
1765 http fetch GET 200 https://registry.npmjs.org/nanoid/-/nanoid-3.3.18.tgz 1143ms (cache miss)
1766 http fetch GET 200 https://registry.npmjs.org/forwarded/-/forwarded-0.2.0.tgz 1100ms (cache miss)
1767 http fetch GET 200 https://registry.npmjs.org/unpipe/-/unpipe-1.0.0.tgz 1111ms (cache miss)
1768 http fetch GET 200 https://registry.npmjs.org/es-define-property/-/es-define-property-1.0.1.tgz 1134ms (cache miss)
1769 http fetch GET 200 https://registry.npmjs.org/side-channel/-/side-channel-1.1.1.tgz 1152ms (cache miss)
1770 http fetch GET 200 https://registry.npmjs.org/ipaddr.js/-/ipaddr.js-1.9.1.tgz 1150ms (cache miss)
1771 http fetch GET 200 https://registry.npmjs.org/ee-first/-/ee-first-1.1.1.tgz 1148ms (cache miss)
1772 http fetch GET 200 https://registry.npmjs.org/wrappy/-/wrappy-1.0.2.tgz 1151ms (cache miss)
1773 http fetch GET 200 https://registry.npmjs.org/get-caller-file/-/get-caller-file-2.0.5.tgz 1220ms (cache miss)
1774 http fetch GET 200 https://registry.npmjs.org/safer-buffer/-/safer-buffer-2.1.2.tgz 1170ms (cache miss)
1775 http fetch GET 200 https://registry.npmjs.org/setprototypeof/-/setprototypeof-1.2.0.tgz 1176ms (cache miss)
1776 http fetch GET 200 https://registry.npmjs.org/toidentifier/-/toidentifier-1.0.1.tgz 1181ms (cache miss)
1777 http fetch GET 200 https://registry.npmjs.org/yallist/-/yallist-3.1.1.tgz 1192ms (cache miss)
1778 http fetch GET 200 https://registry.npmjs.org/require-directory/-/require-directory-2.1.1.tgz 1296ms (cache miss)
1779 http fetch GET 200 https://registry.npmjs.org/bytes/-/bytes-3.1.2.tgz 1226ms (cache miss)
1780 http fetch GET 200 https://registry.npmjs.org/negotiator/-/negotiator-1.0.0.tgz 1251ms (cache miss)
1781 http fetch GET 200 https://registry.npmjs.org/inherits/-/inherits-2.0.4.tgz 1261ms (cache miss)
1782 http fetch GET 200 https://registry.npmjs.org/set-cookie-parser/-/set-cookie-parser-2.7.2.tgz 1303ms (cache miss)
1783 http fetch GET 200 https://registry.npmjs.org/send/-/send-1.2.1.tgz 1291ms (cache miss)
1784 http fetch GET 200 https://registry.npmjs.org/once/-/once-1.4.0.tgz 1333ms (cache miss)
1785 http fetch GET 200 https://registry.npmjs.org/side-channel-list/-/side-channel-list-1.0.1.tgz 1373ms (cache miss)
1786 http fetch GET 200 https://registry.npmjs.org/serve-static/-/serve-static-2.2.1.tgz 1340ms (cache miss)
1787 http fetch GET 200 https://registry.npmjs.org/parseurl/-/parseurl-1.3.3.tgz 1338ms (cache miss)
1788 http fetch GET 200 https://registry.npmjs.org/statuses/-/statuses-2.0.2.tgz 1347ms (cache miss)
1789 http fetch GET 200 https://registry.npmjs.org/get-intrinsic/-/get-intrinsic-1.3.0.tgz 1415ms (cache miss)
1790 http fetch GET 200 https://registry.npmjs.org/esbuild/-/esbuild-0.28.2.tgz 1449ms (cache miss)
1791 http fetch GET 200 https://registry.npmjs.org/merge-descriptors/-/merge-descriptors-2.0.0.tgz 1389ms (cache miss)
1792 http fetch GET 200 https://registry.npmjs.org/on-finished/-/on-finished-2.4.1.tgz 1429ms (cache miss)
1793 http fetch GET 200 https://registry.npmjs.org/finalhandler/-/finalhandler-2.1.1.tgz 1426ms (cache miss)
1794 http fetch GET 200 https://registry.npmjs.org/fresh/-/fresh-2.0.0.tgz 1433ms (cache miss)
1795 http fetch GET 200 https://registry.npmjs.org/raw-body/-/raw-body-3.0.2.tgz 1457ms (cache miss)
1796 http fetch GET 200 https://registry.npmjs.org/picomatch/-/picomatch-4.0.5.tgz 1526ms (cache miss)
1797 http fetch GET 200 https://registry.npmjs.org/escape-html/-/escape-html-1.0.3.tgz 1442ms (cache miss)
1798 http fetch GET 200 https://registry.npmjs.org/mime-db/-/mime-db-1.54.0.tgz 1493ms (cache miss)
1799 http fetch GET 200 https://registry.npmjs.org/type-is/-/type-is-2.1.0.tgz 1485ms (cache miss)
1800 http fetch GET 200 https://registry.npmjs.org/encodeurl/-/encodeurl-2.0.0.tgz 1473ms (cache miss)
1801 http fetch GET 200 https://registry.npmjs.org/etag/-/etag-1.8.1.tgz 1496ms (cache miss)
1802 http fetch GET 200 https://registry.npmjs.org/proxy-addr/-/proxy-addr-2.0.7.tgz 1507ms (cache miss)
1803 http fetch GET 200 https://registry.npmjs.org/accepts/-/accepts-2.0.0.tgz 1520ms (cache miss)
1804 http fetch GET 200 https://registry.npmjs.org/cookie-signature/-/cookie-signature-1.2.2.tgz 1542ms (cache miss)
1805 http fetch GET 200 https://registry.npmjs.org/side-channel-map/-/side-channel-map-1.0.1.tgz 1610ms (cache miss)
1806 http fetch GET 200 https://registry.npmjs.org/cookie/-/cookie-0.7.2.tgz 1546ms (cache miss)
1807 http fetch GET 200 https://registry.npmjs.org/detect-libc/-/detect-libc-2.1.2.tgz 1592ms (cache miss)
1808 http fetch GET 200 https://registry.npmjs.org/body-parser/-/body-parser-2.3.0.tgz 1547ms (cache miss)
1809 http fetch GET 200 https://registry.npmjs.org/depd/-/depd-2.0.0.tgz 1579ms (cache miss)
1810 http fetch GET 200 https://registry.npmjs.org/content-disposition/-/content-disposition-1.1.0.tgz 1576ms (cache miss)
1811 http fetch GET 200 https://registry.npmjs.org/content-type/-/content-type-1.0.5.tgz 1587ms (cache miss)
1812 http fetch GET 200 https://registry.npmjs.org/http-errors/-/http-errors-2.0.1.tgz 1610ms (cache miss)
1813 http fetch GET 200 https://registry.npmjs.org/function-bind/-/function-bind-1.1.2.tgz 1683ms (cache miss)
1814 http fetch GET 200 https://registry.npmjs.org/ms/-/ms-2.1.3.tgz 1610ms (cache miss)
1815 http fetch GET 200 https://registry.npmjs.org/mime-types/-/mime-types-3.0.2.tgz 1641ms (cache miss)
1816 http fetch GET 200 https://registry.npmjs.org/color-name/-/color-name-1.1.4.tgz 1630ms (cache miss)
1817 http fetch GET 200 https://registry.npmjs.org/vary/-/vary-1.1.2.tgz 1638ms (cache miss)
1818 http fetch GET 200 https://registry.npmjs.org/object-assign/-/object-assign-4.1.1.tgz 1636ms (cache miss)
1819 http fetch GET 200 https://registry.npmjs.org/supports-color/-/supports-color-8.1.1.tgz 1644ms (cache miss)
1820 http fetch GET 200 https://registry.npmjs.org/ansi-styles/-/ansi-styles-4.3.0.tgz 1654ms (cache miss)
1821 http fetch GET 200 https://registry.npmjs.org/update-browserslist-db/-/update-browserslist-db-1.3.1.tgz 1665ms (cache miss)
1822 http fetch GET 200 https://registry.npmjs.org/node-releases/-/node-releases-2.0.53.tgz 1678ms (cache miss)
1823 http fetch GET 200 https://registry.npmjs.org/tree-kill/-/tree-kill-1.2.2.tgz 1692ms (cache miss)
1824 http fetch GET 200 https://registry.npmjs.org/yargs-parser/-/yargs-parser-21.1.1.tgz 1858ms (cache miss)
1825 http fetch GET 200 https://registry.npmjs.org/range-parser/-/range-parser-1.3.0.tgz 1777ms (cache miss)
1826 http fetch GET 200 https://registry.npmjs.org/tslib/-/tslib-2.8.1.tgz 1844ms (cache miss)
1827 http fetch GET 200 https://registry.npmjs.org/@types/babel__template/-/babel__template-7.4.4.tgz 1751ms (cache miss)
1828 http fetch GET 200 https://registry.npmjs.org/lru-cache/-/lru-cache-5.1.1.tgz 1762ms (cache miss)
1829 http fetch GET 200 https://registry.npmjs.org/graceful-fs/-/graceful-fs-4.2.11.tgz 1811ms (cache miss)
1830 http fetch GET 200 https://registry.npmjs.org/@babel/helper-string-parser/-/helper-string-parser-7.29.7.tgz 1792ms (cache miss)
1831 http fetch GET 200 https://registry.npmjs.org/@types/babel__traverse/-/babel__traverse-7.28.0.tgz 1819ms (cache miss)
1832 http fetch GET 200 https://registry.npmjs.org/@babel/helper-module-imports/-/helper-module-imports-7.29.7.tgz 1826ms (cache miss)
1833 http fetch GET 200 https://registry.npmjs.org/@types/babel__generator/-/babel__generator-7.27.0.tgz 1835ms (cache miss)
1834 http fetch GET 200 https://registry.npmjs.org/color-convert/-/color-convert-2.0.1.tgz 1857ms (cache miss)
1835 http fetch GET 200 https://registry.npmjs.org/router/-/router-2.2.0.tgz 1896ms (cache miss)
1836 http fetch GET 200 https://registry.npmjs.org/has-symbols/-/has-symbols-1.1.0.tgz 2000ms (cache miss)
1837 http fetch GET 200 https://registry.npmjs.org/@babel/helper-validator-option/-/helper-validator-option-7.29.7.tgz 1882ms (cache miss)
1838 http fetch GET 200 https://registry.npmjs.org/@babel/helper-plugin-utils/-/helper-plugin-utils-7.29.7.tgz 1894ms (cache miss)
1839 http fetch GET 200 https://registry.npmjs.org/js-tokens/-/js-tokens-4.0.0.tgz 1888ms (cache miss)
1840 http fetch GET 200 https://registry.npmjs.org/jsesc/-/jsesc-3.1.0.tgz 1905ms (cache miss)
1841 http fetch GET 200 https://registry.npmjs.org/shell-quote/-/shell-quote-1.9.0.tgz 1943ms (cache miss)
1842 http fetch GET 200 https://registry.npmjs.org/convert-source-map/-/convert-source-map-2.0.0.tgz 1917ms (cache miss)
1843 http fetch GET 200 https://registry.npmjs.org/gensync/-/gensync-1.0.0-beta.2.tgz 1923ms (cache miss)
1844 http fetch GET 200 https://registry.npmjs.org/chalk/-/chalk-4.1.2.tgz 1952ms (cache miss)
1845 http fetch GET 200 https://registry.npmjs.org/@babel/helper-globals/-/helper-globals-7.29.7.tgz 1943ms (cache miss)
1846 http fetch GET 200 https://registry.npmjs.org/scheduler/-/scheduler-0.27.0.tgz 2083ms (cache miss)
1847 http fetch GET 200 https://registry.npmjs.org/@babel/helper-compilation-targets/-/helper-compilation-targets-7.29.7.tgz 1988ms (cache miss)
1848 http fetch GET 200 https://registry.npmjs.org/@rolldown/pluginutils/-/pluginutils-1.0.0-rc.3.tgz 2000ms (cache miss)
1849 http fetch GET 200 https://registry.npmjs.org/semver/-/semver-6.3.1.tgz 2027ms (cache miss)
1850 http fetch GET 200 https://registry.npmjs.org/@types/babel__core/-/babel__core-7.20.5.tgz 2027ms (cache miss)
1851 http fetch GET 200 https://registry.npmjs.org/es-errors/-/es-errors-1.3.0.tgz 2175ms (cache miss)
1852 http fetch GET 200 https://registry.npmjs.org/@babel/plugin-transform-react-jsx-self/-/plugin-transform-react-jsx-self-7.29.7.tgz 2051ms (cache miss)
1853 http fetch GET 200 https://registry.npmjs.org/picocolors/-/picocolors-1.1.1.tgz 2076ms (cache miss)
1854 http fetch GET 200 https://registry.npmjs.org/@babel/code-frame/-/code-frame-7.29.7.tgz 2094ms (cache miss)
1855 http fetch GET 200 https://registry.npmjs.org/@babel/compat-data/-/compat-data-7.29.7.tgz 2131ms (cache miss)
1856 http fetch GET 200 https://registry.npmjs.org/browserslist/-/browserslist-4.28.8.tgz 2189ms (cache miss)
1857 http fetch GET 200 https://registry.npmjs.org/baseline-browser-mapping/-/baseline-browser-mapping-2.11.14.tgz 2231ms (cache miss)
1858 http fetch GET 200 https://registry.npmjs.org/@babel/helper-validator-identifier/-/helper-validator-identifier-7.29.7.tgz 2234ms (cache miss)
1859 http fetch GET 200 https://registry.npmjs.org/electron-to-chromium/-/electron-to-chromium-1.5.407.tgz 2281ms (cache miss)
1860 http fetch GET 200 https://registry.npmjs.org/react-refresh/-/react-refresh-0.18.0.tgz 2254ms (cache miss)
1861 http fetch GET 200 https://registry.npmjs.org/@babel/plugin-transform-react-jsx-source/-/plugin-transform-react-jsx-source-7.29.7.tgz 2292ms (cache miss)
1862 http fetch GET 200 https://registry.npmjs.org/debug/-/debug-4.4.3.tgz 2339ms (cache miss)
1863 http fetch GET 200 https://registry.npmjs.org/@tailwindcss/oxide/-/oxide-4.3.3.tgz 2378ms (cache miss)
1864 http fetch GET 200 https://registry.npmjs.org/react-router-dom/-/react-router-dom-7.18.2.tgz 2536ms (cache miss)
1865 http fetch GET 200 https://registry.npmjs.org/qs/-/qs-6.15.3.tgz 2730ms (cache miss)
1866 http fetch GET 200 https://registry.npmjs.org/cors/-/cors-2.8.6.tgz 2626ms (cache miss)
1867 http fetch GET 200 https://registry.npmjs.org/tapable/-/tapable-2.3.3.tgz 2748ms (cache miss)
1868 http fetch GET 200 https://registry.npmjs.org/@jridgewell/resolve-uri/-/resolve-uri-3.1.2.tgz 2729ms (cache miss)
1869 http fetch GET 200 https://registry.npmjs.org/content-type/-/content-type-2.1.0.tgz 2700ms (cache miss)
1870 http fetch GET 200 https://registry.npmjs.org/@tailwindcss/vite/-/vite-4.3.3.tgz 2709ms (cache miss)
1871 http fetch GET 200 https://registry.npmjs.org/supports-color/-/supports-color-7.2.0.tgz 2703ms (cache miss)
1872 http fetch GET 200 https://registry.npmjs.org/content-type/-/content-type-2.1.0.tgz 2625ms (cache miss)
1873 http fetch GET 200 https://registry.npmjs.org/cookie/-/cookie-1.1.1.tgz 2789ms (cache miss)
1874 http fetch GET 200 https://registry.npmjs.org/@vitejs/plugin-react/-/plugin-react-5.2.0.tgz 2799ms (cache miss)
1875 http fetch GET 200 https://registry.npmjs.org/@babel/helper-module-transforms/-/helper-module-transforms-7.29.7.tgz 2830ms (cache miss)
1876 http fetch GET 200 https://registry.npmjs.org/express/-/express-5.2.1.tgz 2872ms (cache miss)
1877 http fetch GET 200 https://registry.npmjs.org/json5/-/json5-2.2.3.tgz 2923ms (cache miss)
1878 http fetch GET 200 https://registry.npmjs.org/source-map-js/-/source-map-js-1.2.1.tgz 2902ms (cache miss)
1879 http fetch GET 200 https://registry.npmjs.org/object-inspect/-/object-inspect-1.13.4.tgz 3047ms (cache miss)
1880 http fetch GET 200 https://registry.npmjs.org/@tailwindcss/node/-/node-4.3.3.tgz 3013ms (cache miss)
1881 http fetch GET 200 https://registry.npmjs.org/magic-string/-/magic-string-0.30.21.tgz 3025ms (cache miss)
1882 http fetch GET 200 https://registry.npmjs.org/iconv-lite/-/iconv-lite-0.7.3.tgz 3142ms (cache miss)
1883 http fetch GET 200 https://registry.npmjs.org/@babel/template/-/template-7.29.7.tgz 3085ms (cache miss)
1884 http fetch GET 200 https://registry.npmjs.org/@babel/parser/-/parser-7.29.8.tgz 3140ms (cache miss)
1885 http fetch GET 200 https://registry.npmjs.org/@rollup/rollup-win32-x64-gnu/-/rollup-win32-x64-gnu-4.62.4.tgz 3323ms (cache miss)
1886 http fetch GET 200 https://registry.npmjs.org/@jridgewell/sourcemap-codec/-/sourcemap-codec-1.5.5.tgz 3166ms (cache miss)
1887 http fetch GET 200 https://registry.npmjs.org/@rollup/rollup-win32-x64-msvc/-/rollup-win32-x64-msvc-4.62.4.tgz 3388ms (cache miss)
1888 http fetch GET 200 https://registry.npmjs.org/react/-/react-19.2.8.tgz 3300ms (cache miss)
1889 http fetch GET 200 https://registry.npmjs.org/@jridgewell/gen-mapping/-/gen-mapping-0.3.13.tgz 3328ms (cache miss)
1890 http fetch GET 200 https://registry.npmjs.org/@jridgewell/remapping/-/remapping-2.3.5.tgz 3358ms (cache miss)
1891 http fetch GET 200 https://registry.npmjs.org/postcss/-/postcss-8.5.26.tgz 3658ms (cache miss)
1892 http fetch GET 200 https://registry.npmjs.org/@tailwindcss/oxide-win32-x64-msvc/-/oxide-win32-x64-msvc-4.3.3.tgz 3506ms (cache miss)
1893 http fetch GET 200 https://registry.npmjs.org/tailwindcss/-/tailwindcss-4.3.3.tgz 3602ms (cache miss)
1894 http fetch GET 200 https://registry.npmjs.org/rollup/-/rollup-4.62.4.tgz 3779ms (cache miss)
1895 http fetch GET 200 https://registry.npmjs.org/@jridgewell/trace-mapping/-/trace-mapping-0.3.31.tgz 3715ms (cache miss)
1896 http fetch GET 200 https://registry.npmjs.org/@babel/generator/-/generator-7.29.8.tgz 3865ms (cache miss)
1897 http fetch GET 200 https://registry.npmjs.org/yargs/-/yargs-17.7.2.tgz 4002ms (cache miss)
1898 http fetch GET 200 https://registry.npmjs.org/enhanced-resolve/-/enhanced-resolve-5.24.5.tgz 3991ms (cache miss)
1899 http fetch GET 200 https://registry.npmjs.org/vite/-/vite-7.3.6.tgz 4087ms (cache miss)
1900 http fetch GET 200 https://registry.npmjs.org/@babel/traverse/-/traverse-7.29.8.tgz 4174ms (cache miss)
1901 http fetch GET 200 https://registry.npmjs.org/lightningcss-win32-x64-msvc/-/lightningcss-win32-x64-msvc-1.32.0.tgz 4314ms (cache miss)
1902 http fetch GET 200 https://registry.npmjs.org/lightningcss/-/lightningcss-1.32.0.tgz 4326ms (cache miss)
1903 http fetch GET 200 https://registry.npmjs.org/@esbuild/win32-x64/-/win32-x64-0.28.2.tgz 4539ms (cache miss)
1904 http fetch GET 200 https://registry.npmjs.org/concurrently/-/concurrently-9.2.4.tgz 4480ms (cache miss)
1905 http fetch GET 200 https://registry.npmjs.org/react-dom/-/react-dom-19.2.8.tgz 4554ms (cache miss)
1906 http fetch GET 200 https://registry.npmjs.org/jiti/-/jiti-2.7.0.tgz 4577ms (cache miss)
1907 http fetch GET 200 https://registry.npmjs.org/@babel/core/-/core-7.29.7.tgz 4844ms (cache miss)
1908 http fetch GET 200 https://registry.npmjs.org/@babel/types/-/types-7.29.8.tgz 5231ms (cache miss)
1909 http fetch GET 200 https://registry.npmjs.org/react-router/-/react-router-7.18.2.tgz 5407ms (cache miss)
1910 http fetch GET 200 https://registry.npmjs.org/@babel/helpers/-/helpers-7.29.7.tgz 5476ms (cache miss)
1911 http fetch GET 200 https://registry.npmjs.org/caniuse-lite/-/caniuse-lite-1.0.30001809.tgz 8332ms (cache miss)
1912 http fetch GET 200 https://registry.npmjs.org/rxjs/-/rxjs-7.8.2.tgz 19170ms (cache miss)
1913 info run esbuild@0.28.2 postinstall node_modules/esbuild node install.js
1914 info run esbuild@0.28.2 postinstall { code: 1, signal: null }
1915 warn cleanup Failed to remove some directories [
1915 warn cleanup   [
1915 warn cleanup     '\\\\?\\C:\\Users\\Aadi Jain\\Desktop\\sindandsind\\node_modules',
1915 warn cleanup     [Error: EPERM: operation not permitted, rmdir 'C:\Users\Aadi Jain\Desktop\sindandsind\node_modules\@babel\core\lib\config'] {
1915 warn cleanup       errno: -4048,
1915 warn cleanup       code: 'EPERM',
1915 warn cleanup       syscall: 'rmdir',
1915 warn cleanup       path: 'C:\\Users\\Aadi Jain\\Desktop\\sindandsind\\node_modules\\@babel\\core\\lib\\config'
1915 warn cleanup     }
1915 warn cleanup   ],
1915 warn cleanup   [
1915 warn cleanup     '\\\\?\\C:\\Users\\Aadi Jain\\Desktop\\sindandsind\\node_modules\\@babel\\core',
1915 warn cleanup     [Error: EPERM: operation not permitted, rmdir 'C:\Users\Aadi Jain\Desktop\sindandsind\node_modules\@babel\core\src\config'] {
1915 warn cleanup       errno: -4048,
1915 warn cleanup       code: 'EPERM',
1915 warn cleanup       syscall: 'rmdir',
1915 warn cleanup       path: 'C:\\Users\\Aadi Jain\\Desktop\\sindandsind\\node_modules\\@babel\\core\\src\\config'
1915 warn cleanup     }
1915 warn cleanup   ],
1915 warn cleanup   [
1915 warn cleanup     '\\\\?\\C:\\Users\\Aadi Jain\\Desktop\\sindandsind\\node_modules\\@babel',
1915 warn cleanup     [Error: EPERM: operation not permitted, rmdir 'C:\Users\Aadi Jain\Desktop\sindandsind\node_modules\@babel\types\lib\modifications'] {
1915 warn cleanup       errno: -4048,
1915 warn cleanup       code: 'EPERM',
1915 warn cleanup       syscall: 'rmdir',
1915 warn cleanup       path: 'C:\\Users\\Aadi Jain\\Desktop\\sindandsind\\node_modules\\@babel\\types\\lib\\modifications'
1915 warn cleanup     }
1915 warn cleanup   ],
1915 warn cleanup   [
1915 warn cleanup     '\\\\?\\C:\\Users\\Aadi Jain\\Desktop\\sindandsind\\node_modules\\body-parser',
1915 warn cleanup     [Error: EPERM: operation not permitted, rmdir 'C:\Users\Aadi Jain\Desktop\sindandsind\node_modules\body-parser'] {
1915 warn cleanup       errno: -4048,
1915 warn cleanup       code: 'EPERM',
1915 warn cleanup       syscall: 'rmdir',
1915 warn cleanup       path: 'C:\\Users\\Aadi Jain\\Desktop\\sindandsind\\node_modules\\body-parser'
1915 warn cleanup     }
1915 warn cleanup   ],
1915 warn cleanup   [
1915 warn cleanup     '\\\\?\\C:\\Users\\Aadi Jain\\Desktop\\sindandsind\\node_modules\\rxjs',
1915 warn cleanup     [Error: EPERM: operation not permitted, rmdir 'C:\Users\Aadi Jain\Desktop\sindandsind\node_modules\rxjs'] {
1915 warn cleanup       errno: -4048,
1915 warn cleanup       code: 'EPERM',
1915 warn cleanup       syscall: 'rmdir',
1915 warn cleanup       path: 'C:\\Users\\Aadi Jain\\Desktop\\sindandsind\\node_modules\\rxjs'
1915 warn cleanup     }
1915 warn cleanup   ]
1915 warn cleanup ]
1916 verbose stack Error: command failed
1916 verbose stack     at promiseSpawn (C:\Program Files\nodejs\node_modules\npm\node_modules\@npmcli\promise-spawn\lib\index.js:22:22)
1916 verbose stack     at spawnWithShell (C:\Program Files\nodejs\node_modules\npm\node_modules\@npmcli\promise-spawn\lib\index.js:124:10)
1916 verbose stack     at promiseSpawn (C:\Program Files\nodejs\node_modules\npm\node_modules\@npmcli\promise-spawn\lib\index.js:12:12)
1916 verbose stack     at runScriptPkg (C:\Program Files\nodejs\node_modules\npm\node_modules\@npmcli\run-script\lib\run-script-pkg.js:79:13)
1916 verbose stack     at runScript (C:\Program Files\nodejs\node_modules\npm\node_modules\@npmcli\run-script\lib\run-script.js:9:12)
1916 verbose stack     at C:\Program Files\nodejs\node_modules\npm\node_modules\@npmcli\arborist\lib\arborist\rebuild.js:341:17
1916 verbose stack     at run (C:\Program Files\nodejs\node_modules\npm\node_modules\promise-call-limit\dist\commonjs\index.js:67:22)
1916 verbose stack     at C:\Program Files\nodejs\node_modules\npm\node_modules\promise-call-limit\dist\commonjs\index.js:84:9
1916 verbose stack     at new Promise (<anonymous>)
1916 verbose stack     at callLimit (C:\Program Files\nodejs\node_modules\npm\node_modules\promise-call-limit\dist\commonjs\index.js:35:69)
1917 verbose pkgid esbuild@0.28.2
1918 error code 1
1919 error path C:\Users\Aadi Jain\Desktop\sindandsind\node_modules\esbuild
1920 error command failed
1921 error command C:\Windows\system32\cmd.exe /d /s /c node install.js
1922 error 'node' is not recognized as an internal or external command,
1922 error operable program or batch file.
1923 silly unfinished npm timer reify 1786901724415
1924 silly unfinished npm timer reify:build 1786901770483
1925 silly unfinished npm timer build 1786901770485
1926 silly unfinished npm timer build:deps 1786901770486
1927 silly unfinished npm timer build:run:postinstall 1786901770625
1928 silly unfinished npm timer build:run:postinstall:node_modules/esbuild 1786901770626
1929 verbose cwd C:\Users\Aadi Jain\Desktop\sindandsind
1930 verbose os Windows_NT 10.0.26200
1931 verbose node v24.19.0
1932 verbose npm  v11.17.0
1933 notice
1933 notice New major version of npm available! 11.17.0 -> 12.0.2
1933 notice Changelog: https://github.com/npm/cli/releases/tag/v12.0.2
1933 notice To update run: npm install -g npm@12.0.2
1933 notice  { force: true, Symbol(proc-log.meta): true }
1934 verbose exit 1
1935 verbose code 1
1936 error A complete log of this run can be found in: C:\Users\Aadi Jain\Desktop\sindandsind\.npm-cache\_logs\2026-08-16T17_35_20_654Z-debug-0.log
